Year,Month,Decimal_date,Semihemispheric_modelled_mole_fractions_box0,Semihemispheric_modelled_mole_fractions_box1,Semihemispheric_modelled_mole_fractions_box2,Semihemispheric_modelled_mole_fractions_box3,Semihemispheric_modelled_mole_fractions_box4,Semihemispheric_modelled_mole_fractions_box5,Semihemispheric_modelled_mole_fractions_box6,Semihemispheric_modelled_mole_fractions_box7,Semihemispheric_modelled_mole_fractions_box8,Semihemispheric_modelled_mole_fractions_box9,Semihemispheric_modelled_mole_fractions_box10,Semihemispheric_modelled_mole_fractions_box11,Semihemispheric_modelled_mole_fractions_1-sigma_box0,Semihemispheric_modelled_mole_fractions_1-sigma_box1,Semihemispheric_modelled_mole_fractions_1-sigma_box2,Semihemispheric_modelled_mole_fractions_1-sigma_box3
1985,1,1985.0,1844974.2223227706,1799470.0985988067,1714545.5630556368,1701270.542480569,1820650.890170775,1788145.848064698,1713464.2822919723,1700808.0180106256,1694029.0626343319,1683517.7485321953,1675064.3488430374,1674504.0859306767,8946.676536920118,8685.75619539742,8289.0261178384,8210.208779773948
1985,2,1985.08,1831989.7024772256,1783722.526525376,1710979.139031114,1694890.2269575314,1809990.3244288461,1775220.9309581432,1707369.572726528,1691572.5832630203,1693733.184736743,1682081.0756709045,1671989.301990001,1669940.7849676216,8914.215400063757,8610.070262052848,8310.879802671014,8187.095468927391
1985,3,1985.17,1817654.119325208,1765640.493840514,1705514.3314532246,1691335.495797043,1797014.478713213,1762533.8952173365,1702602.846795848,1686861.8401927354,1692176.9907960254,1679760.0524269205,1668939.2069867891,1666500.9454186286,8912.820124454256,8559.56117980387,8330.320788408453,8183.392269623774
1985,4,1985.25,1811817.7683656195,1760680.6923613006,1701062.381170705,1695556.8079699685,1789282.8983397298,1758443.5693753017,1696999.962206957,1690709.9591362083,1688917.686606759,1676694.002100944,1666100.4145035793,1664449.4392637298,8825.883662322107,8517.235459934816,8267.299535927254,8210.378104147581
1985,5,1985.33,1810607.46697213,1764523.0015651854,1702379.2910591506,1704880.54262689,1788921.6618212517,1760785.314077662,1697342.717549963,1697850.2256403994,1684521.470007909,1673395.5995597064,1663731.4158117059,1663559.9896179973,8793.727560560179,8539.989681170626,8237.266428176488,8260.985100722814
1985,6,1985.42,1803208.5930789956,1764453.2377488874,1708120.1439783962,1713687.0959385897,1785416.3733893582,1760655.8813135943,1702364.844364814,1705144.1838245864,1679648.999901865,1670106.9240467635,1662001.6333126302,1663287.7660876624,8791.563415913231,8562.320932312346,8266.115101643165,8309.582591432581
1985,7,1985.5,1798463.4237679876,1760365.0509695422,1709443.7575124083,1717673.4254131725,1782783.6123060829,1755418.1293080228,1719159.4521919638,1715558.3184554633,1674821.480298067,1666897.584366061,1660754.7966205408,1663239.523968958,8737.448373645435,8539.629507794325,8277.126685385827,8319.947283737023
1985,8,1985.58,1800125.1248857712,1755248.6417440749,1711635.2129104356,1720954.9930544887,1782683.3785282127,1748477.2529028917,1726628.606966081,1723432.8315286003,1670819.2941117522,1663833.874706899,1659664.7330056783,1663055.371176511,8754.030227457877,8569.972296625114,8301.63353348249,8330.37699315046
1985,9,1985.67,1808010.6736751597,1753824.4988189093,1710989.2064299297,1723207.3544042557,1786150.8759250513,1745374.5674720514,1727209.880656054,1726168.1612670703,1668064.6427309683,1661121.9995410978,1658175.8526269866,1662174.8548258601,8855.810256319002,8635.492922094496,8313.179491066274,8344.627379709369
1985,10,1985.75,1819361.251597016,1763902.0174359984,1714690.7689121459,1721208.3183598008,1791325.74248407,1756161.3902857928,1720323.7285404124,1722803.4716734353,1666746.8034574375,1659117.8079104424,1656160.130606132,1660218.0399157184,8857.252219161577,8614.205719618898,8304.375359010726,8328.62396841871
1985,11,1985.83,1832216.372272515,1782177.8283664857,1717279.62482096,1715537.5269632498,1802105.8328277718,1773636.3358136197,1718805.6094332961,1717084.017188763,1666685.9856085766,1658188.8737793572,1653912.1993790178,1657007.3391787568,8890.492996430175,8650.428549966053,8305.238890729168,8291.747022493091
1985,12,1985.92,1847504.2584189556,1800683.1648510094,1716798.7926930373,1708694.0459841064,1817058.8129324387,1791447.061173369,1719719.2494726996,1712227.2270970761,1667631.9086684005,1658215.438831561,1651839.290460099,1653105.0635200536,8991.432544713283,8740.939485814006,8305.184802650967,8249.978765166654
1986,1,1986.0,1847199.182626946,1801534.0172711955,1715773.7462155204,1702352.5901429246,1822481.305368146,1789773.852202712,1714356.5590424219,1701608.7583011666,1669008.3387570523,1658484.5759858575,1649883.1856708154,1649174.5082187005,8960.17380049763,8698.34203813721,8295.08285096047,8213.725377312932
1986,2,1986.08,1833917.8553720263,1785494.584240673,1712155.1008925415,1695786.8769098413,1811501.5129306917,1776523.4893051763,1708156.3778061767,1692195.4173729834,1669666.3012883917,1658018.9393046524,1647817.4956754406,1645648.5879471002,8923.4548131949,8619.833734916732,8315.528205472829,8189.49715257541
1986,3,1986.17,1819287.8327296237,1767117.9891094288,1706570.3176594,1692076.580774955,1798253.5814201,1763596.1865879116,1703294.5348462495,1687350.3437700113,1669031.8921671202,1656633.5736713482,1645729.9817241086,1643182.4169209776,8918.613943090408,8566.506370491079,8333.493338537039,8184.716881219389
1986,4,1986.25,1813187.6347193525,1761905.2642615417,1701925.3178051438,1696158.668655445,1790304.7793161946,1759341.8656158915,1697543.2189355134,1691082.0455216458,1666671.819612338,1654470.055657979,1643805.5661693595,1642043.5455378534,8830.761392200387,8523.058492334058,8269.319231209945,8210.950920634792
1986,5,1986.33,1811754.3562053766,1765546.7729070445,1703036.4283428348,1705343.2984013173,1789754.7259425335,1761517.9740155141,1697710.8063861334,1698090.664537505,1663151.6868796144,1652040.2717869887,1642303.0121519407,1642013.9274628488,8798.798086135686,8545.689023696594,8238.492020076257,8260.97544654851
1986,6,1986.42,1804152.4506159348,1765291.0264349661,1708601.3407427683,1714007.525277688,1786064.3836331891,1761213.9851064456,1702573.3160185947,1705246.9279955667,1659124.7873012149,1649583.3149267347,1641395.4769692947,1642557.5383433967,8796.50040834879,8567.762424462975,8266.654551256323,8308.950903105544
1986,7,1986.5,1799228.0589499858,1761015.3433962888,1709695.382611522,1717853.7121580476,1783276.4816845367,1755888.074781654,1719234.0483044314,1715537.9349973209,1655106.1598598342,1647169.439584341,1640933.261031998,1643289.0299343788,8741.166448655844,8543.88459032723,8276.641458256148,8318.507949511444
1986,8,1986.58,1800737.6743289542,1755726.2687724782,1711684.2149800595,1720994.5936631032,1783044.2240221323,1748832.344790968,1726568.8568643916,1723288.8261891457,1651870.666844861,1644866.5658265322,1640596.0150396575,1643855.7184151562,8756.249985646873,8572.869151348874,8300.504536716962,8328.211369188924
1986,9,1986.67,1808484.6625590967,1754146.0594873475,1710885.7974009432,1723109.0009129366,1786382.0985469867,1745587.7401406157,1727015.1024167798,1725895.4362505812,1649838.156557367,1642879.325991787,1639830.984403187,1643701.8855269686,8856.91608655453,8637.414456707205,8311.580301463102,8341.895545590534
1986,10,1986.75,1819696.9640380845,1764115.7272907335,1714473.6052812943,1720977.618217674,1791420.080902137,1756219.3700041568,1719975.7417546564,1722395.4705040304,1649198.7613869184,1641563.285091289,1638511.178085138,1642450.046695549,8859.395147481835,8616.735502887683,8302.706930955483,8325.705189635664
1986,11,1986.83,1832416.4671175308,1782293.1249235605,1716947.814028629,1715178.2956943766,1802068.8966666902,1773576.8069537475,1718328.544337878,1716547.405463604,1649777.5325252623,1641286.4525633347,1636929.7753652637,1639923.011429138,8894.719495655443,8654.30388612101,8303.531919502591,8288.767624586862
1986,12,1986.92,1847580.4681234085,1800691.8608942498,1716351.8872604237,1708214.1989658743,1816907.7737602098,1791285.3320802418,1719133.538561429,1711577.7424483914,1651331.0468461202,1641931.9882768695,1635494.3461680457,1636679.46892918,8997.332474803237,8745.94766760489,8303.407622372388,8246.913496170226
1987,1,1987.0,1847165.2245927523,1801442.525463674,1715304.2833202118,1701763.2960405434,1822205.4658075073,1789416.2715775212,1713667.9265664378,1700854.7037994354,1653289.0942002176,1642791.725111134,1634147.5456574261,1633377.5609131982,8964.170826510688,8702.08307568422,8293.737591091873,8210.184590241452
1987,2,1987.08,1833762.9112917688,1785263.3783277373,1711676.6820392306,1695107.987545754,1811090.4192539433,1776017.0657522234,1707435.0627028146,1691361.614789627,1654506.8436661046,1642891.8571987776,1632664.5348371346,1630446.8452193982,8923.681320628895,8620.389678079513,8314.099418972719,8185.349116608689
1987,3,1987.17,1819009.1701450797,1766756.5335410151,1706045.6525731876,1691325.5243144038,1797728.5021114727,1762987.7658142548,1702539.9433099614,1686458.1264248507,1654414.3084062017,1642052.864950067,1631133.9471698187,1628540.3901676012,8915.757938625557,8564.21773014779,8331.403443947458,8180.089503020028
1987,4,1987.25,1812802.2054783972,1761444.1849415903,1701312.4772104677,1695345.7688191968,1789694.4160908172,1758671.0685710164,1696721.1284818512,1690138.2043968437,1652584.0922411566,1640417.5211745114,1629739.5639958717,1627926.819190532,8827.295042424183,8519.716794090196,8266.57391862344,8206.337527441921
1987,5,1987.33,1811286.1264384522,1765013.899487829,1702324.5978521006,1704467.433498675,1789076.5273424992,1760788.8198774562,1696805.7340665492,1697086.9533094524,1649581.3780295209,1638497.1107315726,1628740.0868400792,1628392.8442339096,8796.00321259938,8542.300212582772,8235.317709807752,8256.525452471747
1987,6,1987.42,1803614.5543006065,1764692.799872546,1707806.0403371188,1713065.7580302693,1785323.2561823556,1760423.9281726584,1701594.4046929467,1704180.3928700655,1646054.9663820153,1636528.9778526956,1628310.852526831,1629407.7708225201,8794.04416620054,8564.268346408418,8263.177745347719,8304.485474222101
1987,7,1987.5,1798634.6871533873,1760351.250155082,1708781.0148613134,1716849.8895981389,1782491.5815193336,1755097.9749026466,1718190.3371551943,1714417.645926745,1642516.0678144156,1634583.7702752883,1628306.0615822002,1630591.0064068078,8737.310048179192,8540.080825546142,8272.168800883805,8313.905218226697
1987,8,1987.58,1800102.0568436952,1755002.088828248,1710666.262575665,1719928.8269587148,1782229.7031515664,1748024.9590978585,1725468.9658692125,1722116.1310753375,1639736.017409688,1632730.4161144283,1628408.9935588404,1631594.2438213977,8750.4305394448,8568.403694536992,8295.037302832288,8323.29734599519
1987,9,1987.67,1807809.1963241522,1753366.2527577435,1709800.7142690704,1721984.2179776735,1785535.0035610166,1744738.3566519674,1725863.4007966476,1724670.4611751954,1638133.014371988,1631172.270815735,1628068.8367450302,1631864.7706574851,8849.614710353173,8632.220548603296,8305.493294201015,8336.5814758504
1987,10,1987.75,1818976.0465329504,1763311.6556617585,1713349.8641288304,1719799.0502994247,1790529.3824675211,1755308.190455515,1718760.6749972363,1721114.1569997405,1637897.439724357,1630264.4004195305,1627159.0815792389,1631026.6277512587,8852.711819830398,8611.841531488644,8297.14057056457,8319.86533561243
1987,11,1987.83,1831648.5455126755,1781467.382854732,1715783.8594717572,1713949.5968232728,1801133.5439426953,1772628.5496831078,1717063.9512900095,1715214.8810858321,1638857.1592666304,1630374.8918446803,1625971.714456098,1628902.7418040726,8889.737956297573,8650.528366952714,8298.614663176084,8282.617965817535
1987,12,1987.92,1846771.3895259956,1799834.6195267,1715146.2270607778,1706941.6059723294,1815937.095771563,1790308.8259372937,1717831.8995143191,1710205.3110310314,1640773.0397941684,1631388.7541252314,1624914.3341211842,1626049.354971013,8993.67994902251,8743.158603166055,8298.758304924588,8240.705706239612
1988,1,1988.0,1846324.0901719271,1800559.7855604151,1714129.8118460805,1700451.2986231013,1821189.3232003395,1788339.6329279807,1712328.9280281225,1699447.730710152,1643078.6683954976,1632600.6284346005,1623929.9556081002,1623121.1145464086,8960.352917336359,8698.147387808101,8288.976228906839,8203.765983552334
1988,2,1988.08,1832880.6819217796,1784325.5493435336,1710542.1416517326,1693769.0133782125,1810020.0098695648,1774874.83987351,1706113.76758573,1689935.0838721886,1644631.7322373562,1633038.825766196,1622794.6775880842,1620545.1642906882,8918.647111589467,8614.523811112344,8308.777037358304,8178.5934924346575
1988,3,1988.17,1818082.5781463645,1765769.7162312684,1704919.7336804178,1689971.155777166,1796618.760522704,1761814.2368603458,1701235.137017304,1685026.0982160626,1644864.819805766,1632527.5704241013,1621597.6849055984,1618973.076534662,8909.565913788221,8557.113811012288,8325.424539331852,8172.985955154629
1988,4,1988.25,1811842.996600316,1760429.5261744577,1700157.9260137486,1693983.358482159,1788566.526745061,1757497.046433938,1695406.2473712713,1688703.8956326845,1643354.475483112,1631210.4295783008,1620521.773497085,1618673.9748598281,8821.270199362336,8512.673022605406,8260.603800267176,8199.054278435991
1988,5,1988.33,1810312.276080163,1763991.0862115358,1701130.1376174695,1703094.5545471131,1787943.3678649273,1759615.8295879448,1695464.4780669424,1695643.3615619778,1640665.7165149914,1629598.2588903792,1619825.3561008435,1619437.4508647327,8790.724843843476,8535.946579460015,8229.752742488554,8249.232024382802
1988,6,1988.42,1802636.3444022762,1763665.6033647035,1706582.6142280286,1711678.2289739472,1784188.1001844602,1759248.3362797443,1700231.1708469137,1702723.4742799588,1637444.3650195668,1627927.044777965,1619685.0319849236,1620736.0734597421,8789.344659401759,8558.488989703696,8257.91404203156,8297.242852002784
1988,7,1988.5,1797661.614623344,1759308.3258257282,1707496.778775253,1715452.0012966015,1781369.5245280715,1753969.891455724,1716817.2716852443,1712957.0208099366,1634199.075232258,1626267.7318164217,1619957.5679882653,1622192.2719126365,8732.213712816814,8534.799091892719,8266.407132645305,8306.925755199394
1988,8,1988.58,1799140.8546252535,1753944.4357908175,1709337.3963184499,1718522.178250561,1781128.9392809544,1746920.6124497438,1724091.357149379,1720654.176080153,1631698.8473124232,1624689.8450309224,1620328.7281574486,1623460.708336328,8744.51149438453,8563.259477418133,8288.633573373756,8316.495981837228
1988,9,1988.67,1806857.01156315,1752299.3695122902,1708457.7325245852,1720570.4592249042,1784448.331970232,1743634.9483055596,1724481.6699712663,1723205.109090767,1630360.5010811505,1623395.4726369106,1620248.7476051534,1623990.528196552,8843.09846921111,8627.028896010905,8298.858941069217,8329.824124838013
1988,10,1988.75,1818023.5547748657,1762266.0421060147,1712012.7088056118,1718380.2809232941,1789442.4251242268,1754189.2828459118,1717362.037679054,1719638.2072212251,1630374.2514305955,1622739.2237684121,1619591.229408951,1623406.6072022128,8847.214873332032,8607.350441209177,8290.655333311297,8313.059278076298
1988,11,1988.83,1830692.1562365585,1780444.0829772183,1714447.5595870041,1712525.9429935946,1800043.7054100307,1771516.3923965527,1715657.8217382627,1713730.7196700436,1631569.5835451738,1623089.191141642,1618647.1722681136,1621531.7365891188,8886.059135802305,8647.140096483616,8292.24220374193,8275.785052799753
1988,12,1988.92,1845815.4347851237,1798821.4430290924,1713808.517802544,1705516.7947604521,1814851.8107541406,1789208.669515664,1716427.909211677,1708721.702931315,1633710.2362375916,1624331.5878346257,1617824.2073631661,1618920.5044990836,8991.46215908097,8740.72403239932,8292.44404318273,8233.924873793689
1989,1,1989.0,1845375.5894072019,1799565.499041202,1712855.1423795098,1699025.9832908516,1820097.5341778235,1787187.3918612904,1710920.0663935512,1697966.6715225382,1636232.2494092474,1625762.6011037852,1617065.4099759366,1616225.1439671451,8957.658085956922,8695.019850662975,8282.733739598743,8196.82027578107
1989,2,1989.08,1831931.372115165,1783323.0940033616,1709336.5084759803,1692351.290790631,1808914.004079349,1773699.5297694996,1704749.750128045,1688466.4773563957,1637994.7357297046,1626411.7187264326,1616147.4605591213,1613871.0125411984,8914.4468901228,8609.684082095393,8302.280636855858,8171.327657667118
1989,3,1989.17,1817129.0684820877,1764760.3518674872,1703753.8295722536,1688569.8226440973,1795511.390565407,1760644.4765906266,1699915.913304292,1683581.4411206406,1638432.075877636,1626106.0149815348,1615160.0446881852,1612508.6864864137,8904.140402732954,8550.936678736683,8318.506727480373,8165.398007513708
1989,4,1989.25,1810894.0730116218,1759427.416305681,1698994.9676168805,1692604.175226492,1787476.145199087,1756361.304681614,1694109.289522801,1687285.802221352,1637123.5923049382,1624989.6674205242,1614285.1075606379,1612407.5794017562,8815.013004247814,8506.755589502347,8253.553093547755,8191.421725557036
1989,5,1989.33,1809382.6850834347,1763012.4551176527,1699958.7228843423,1701734.6043482642,1786880.1053025182,1758512.584157507,1694172.184671123,1694244.9482247091,1634634.3289571411,1623573.2410022395,1613780.6695160833,1613359.0933096702,8784.191154309212,8530.771233546815,8222.88333230796,8241.73529261079
1989,6,1989.42,1801734.1287215042,1762713.1637831286,1705412.1806937647,1710332.6950693214,1783153.0698522143,1758171.965466491,1698945.4369620215,1701339.617979114,1631608.0111055903,1622091.5410432764,1613824.074259936,1614837.813871411,8782.78527752608,8553.640577208525,8251.226037760245,8289.868262860367
1989,7,1989.5,1796793.642238524,1758361.8199925732,1706296.1424148302,1714125.1327282537,1780375.7480416812,1752963.789010717,1715555.8009615876,1711598.781051124,1628551.504347133,1620615.7676963434,1614273.913890564,1616468.1816913225,8725.706297069331,8529.977265497486,8259.478262251234,8299.503555221492
1989,8,1989.58,1798311.094633716,1753002.0451342294,1708124.581796977,1717216.70191482,1780181.034608834,1745954.8337811413,1722854.6627321218,1719324.3908379197,1626232.2463374757,1619215.7969707428,1614817.7660632406,1617907.0327342658,8738.174039946465,8558.445920854056,8281.519137325566,8308.974135948376
1989,9,1989.67,1806060.7681458124,1751369.3343395256,1707259.6312183,1719286.8488825115,1783537.0045308827,1742688.7724004225,1723265.8082861402,1721898.8960297084,1625065.861985438,1618092.469798076,1614906.2663372958,1618604.624732861,8836.996586171077,8622.272488707398,8291.74504319781,8322.284810150264
1989,10,1989.75,1817249.7883236918,1761380.7273974346,1710843.8192556119,1717118.0356351275,1788551.5272058637,1753251.5300709568,1716151.8304993028,1718345.2176718116,1625242.1897261252,1617600.0504085473,1614412.9052507437,1618186.2033789041,8842.240074063051,8603.228158569322,8284.00207650283,8305.58670816307
1989,11,1989.83,1829936.3243824092,1779604.9967397589,1713300.36867769,1711282.1217154956,1799170.8162008342,1770609.1118056818,1714460.9352832243,1712451.2029401565,1626591.6359114607,1618106.6652065723,1613627.86400547,1616474.2515712501,8882.620966940849,8644.091525535969,8286.066374698412,8268.488316076622
1989,12,1989.92,1845081.6222958686,1798015.175548958,1712680.2181036402,1704293.0862879332,1814004.1757271104,1788335.1036707673,1715252.9506967785,1707462.9067546965,1628879.9834594512,1619499.3395538656,1612958.8913801466,1614022.2424461965,8989.299037586117,8738.68647870913,8286.612824489359,8226.878650454737
1990,1,1990.0,1844668.4015348875,1798804.202157792,1711810.1060907345,1697821.7345276256,1819262.7183551774,1786286.9914803584,1709756.8860370563,1696728.1317108003,1631544.8861086539,1621075.0095057443,1612348.9700608142,1611480.7206978623,8955.386708416196,8693.150659462503,8277.805468695875,8189.908697043487
1990,2,1990.08,1831242.6239198798,1782581.0652357426,1708382.718837801,1691173.4857791325,1808084.7035751196,1772799.0951280214,1703649.2238823778,1687257.2909755514,1633446.1514946262,1621863.7522502844,1611575.2413066225,1609273.7457126996,8911.223775771889,8607.201326352333,8298.018329568331,8164.5442425821275
1990,3,1990.17,1816456.021848489,1764034.3311943465,1702860.1133801197,1687426.8807970684,1794700.3107948091,1759770.2117104505,1698879.5781978795,1682413.805101833,1634019.4963737158,1621695.0094982258,1610727.948890402,1608051.376049299,8900.139257585868,8547.866676053713,8314.504960979471,8158.826247721474
1990,4,1990.25,1810245.8403174328,1758726.1924335405,1698121.0260678614,1691500.9701803257,1786700.7185975073,1755539.9710525454,1693113.2507793466,1686162.980972793,1632846.3147621218,1620713.4702725033,1609988.229329157,1608083.2684948721,8811.17770825136,8503.155789449998,8249.358887591601,8185.119822060933
1990,5,1990.33,1808768.224646934,1762349.4741644806,1699091.1383785133,1700667.860084219,1786148.2017515125,1757739.7993605162,1693196.8294889983,1693158.8083834792,1630491.823363814,1619429.4850051785,1609613.6083562993,1609161.939681148,8780.866575297558,8526.964902650072,8218.356245815055,8235.642966993892
1990,6,1990.42,1801160.1779055884,1762089.96802527,1704559.0820333017,1709296.8021544635,1782461.9311198243,1757439.243896814,1697990.702062522,1700283.452496058,1627598.1461036394,1618076.760245805,1609781.8770365086,1610763.1470176852,8779.760539313753,8549.848655121381,8246.504721489577,8283.881319682554
1990,7,1990.5,1796272.2769620328,1757753.4474263552,1705426.5621767284,1713123.3541703613,1779739.4830236193,1752309.6826865156,1714642.5945219565,1710584.0887978186,1624670.878812475,1616726.715476003,1610352.977278241,1612512.6788709767,8722.816550609177,8525.860778700191,8254.218753154611,8293.611824935435
1990,8,1990.58,1797843.896416159,1752402.8868997283,1707258.5064807225,1716252.0085336585,1779604.9648478637,1745346.1054919139,1721980.304035215,1718353.4590710932,1622476.5317754645,1615449.4716832263,1611015.871550947,1614069.013831682,8735.244698883516,8553.853969963597,8275.842506020814,8303.133669264276
1990,9,1990.67,1805641.2090135948,1750789.5790683008,1706421.5220938344,1718359.045438281,1783009.5443034933,1742105.3296610697,1722423.393655804,1720964.7724072854,1621429.6781877421,1614444.668559578,1611221.19286485,1614883.0294742861,8833.9350094079,8617.35291305328,8285.880027839905,8316.423622453302
1990,10,1990.75,1816861.0952198918,1760858.1967523913,1710045.5994352864,1716224.9372646408,1788053.8612347967,1752689.3098364554,1715324.6523793468,1717435.533042201,1621719.6316548726,1614066.3674170328,1610842.1867212194,1614580.0481045053,8839.894076846036,8599.535501854212,8278.992936744884,8299.925621400369
1990,11,1990.83,1829573.7894123413,1779142.829223797,1712535.1793867107,1710418.6828385503,1798699.2301575595,1770091.18844673,1713657.2044550977,1711565.1754585346,1623177.2237952,1614682.8322000294,1610168.3990671558,1612982.1578673392,8881.527995579047,8642.421416435576,8282.094289211538,8263.289193361648
1990,12,1990.92,1844753.6733270711,1797597.833651394,1711943.9881201577,1703459.1795000597,1813568.4292027454,1787862.7292150846,1714481.2350314946,1706607.0162294812,1625569.817063488,1616181.615959068,1609607.8127749132,1610642.12359086,8989.42121025619,8738.643550582361,8283.375922064453,8222.22501532702
1991,1,1991.0,1844379.5760434659,1798444.024584315,1711154.381594289,1697015.1819359546,1818850.5141344327,1785801.1852546006,1709001.0383752142,1695898.8940991948,1628336.1933607745,1617859.872714046,1609103.1822047664,1608209.3071043824,8955.516285025169,8693.106448251578,8275.012329619167,8185.74111476763
1991,2,1991.08,1830983.4774767424,1782252.3804773467,1707810.6460175018,1690398.182889525,1807688.3519765076,1772322.600211348,1702951.3043326086,1686460.1573001998,1630336.3520040587,1618747.8179835402,1608431.816573328,1606106.7267458246,8910.551683021728,8606.11960405224,8295.25252885031,8160.7382576339305
1991,3,1991.17,1816223.2216175008,1763732.8218844961,1702350.224893749,1686689.9746751203,1794330.8907544445,1759326.4472026106,1698243.4645340845,1681659.4198650494,1631006.9598389291,1618676.8451821944,1607684.5084983935,1604984.1479507945,8898.781924539151,8545.988273914643,8311.65427228405,8155.29645919578
1991,4,1991.25,1810044.599173352,1758456.9770303247,1697640.667096613,1690807.7579210845,1786375.6398842272,1755158.9800653865,1692524.6962959105,1685457.235826506,1629930.965364624,1617792.1704948593,1607041.89501029,1605111.4997831516,8810.266241754036,8501.081551981182,8246.501660686592,8181.791696680756
1991,5,1991.33,1808609.8723673054,1762124.9817197483,1698629.1993573976,1700016.9012189042,1785874.3556112226,1757415.4812226216,1692638.8729587311,1692496.0366653819,1627673.8946937495,1616604.1164433684,1606761.1555753527,1606282.1385156983,8780.800385053786,8525.216934162003,8215.622377490183,8232.484998620706
1991,6,1991.42,1801044.9091741487,1761910.683821774,1704123.0142039899,1708683.813583831,1782235.1800069103,1757161.5641223253,1697463.0586462638,1699657.978868649,1624876.7117750007,1615345.3787661507,1607020.341641306,1607972.561618209,8780.238553127992,8548.501543947514,8243.923390795937,8280.884757812204
1991,7,1991.5,1796204.4782858833,1757589.2805673033,1704983.997097617,1712552.0273729535,1779568.3881480491,1752111.2550675694,1714171.4739531085,1710009.4191054436,1622044.0163217776,1614087.5715639857,1607680.4567064529,1609809.526142661,8722.672169834483,8524.343002811564,8251.482622652988,8290.80439084872
1991,8,1991.58,1797826.6108529323,1752252.0737721017,1706830.5562510532,1715726.165399555,1779491.2646821598,1745191.651585967,1721557.779270717,1717832.2405468747,1619941.7029813097,1612900.9396420002,1608431.5322105137,1611452.8388817376,8733.988059109608,8551.789757223396,8273.059428693961,8300.49483179452
1991,9,1991.67,1805673.8782470454,1750665.328973563,1706031.0127771525,1717877.4446648424,1782944.0432285035,1741980.0533137498,1722039.6360645753,1720487.7557756873,1618983.4975674846,1611984.0610602724,1608723.8350489167,1612353.6092521604,8831.802769992495,8614.86480049099,8283.170547001864,8313.90540568665
1991,10,1991.75,1816934.41691704,1760793.8651095044,1709700.2761481698,1715783.6886565206,1788023.1618295587,1752591.4688847086,1714960.1215065247,1716987.9684303578,1619358.3447291935,1611690.9168946026,1608430.2920901512,1612136.984597545,8838.060023866185,8597.167309388704,8277.08249151465,8297.480989491554
1991,11,1991.83,1829682.9334901443,1779140.9111735972,1712221.1952625036,1710010.0886183237,1798702.5446706815,1770041.9572358564,1713317.620287941,1711144.0381735177,1620897.3541192282,1612389.922266738,1607839.8758821136,1610624.5375668919,8880.428750110008,8640.600982745946,8281.006363153558,8261.054322149126
1991,12,1991.92,1844901.600895717,1797646.003980169,1711656.1455430014,1703081.5137826628,1813613.2635406451,1787863.4674747845,1714173.1298096427,1706216.8425080995,1623369.0377172376,1613969.0225507873,1607360.846550083,1608368.5565430028,8988.804090093374,8737.352313038911,8282.784549252401,8220.312519288924
1992,1,1992.0,1844569.0118162092,1798560.3273965097,1710950.4883512284,1696666.8490178108,1818921.5607402606,1785793.3697163193,1708706.9748571017,1695534.367184186,1626212.814492197,1615725.228004399,1606935.6944975315,1606017.5751580049,8954.290133525297,8691.902601973248,8274.53032870066,8183.892533459284
1992,2,1992.08,1831206.7345637206,1782407.280624446,1707696.193672283,1690083.4119821498,1807778.5215306508,1772328.6281642637,1702717.4173741222,1686128.2663953917,1628288.493450994,1616688.5851010026,1606341.9360111153,1603993.8845444804,8908.3164557337,8604.610754274012,8294.68252067421,8158.819788004213
1992,3,1992.17,1816475.8165935036,1763914.4883239174,1702298.5383197598,1686416.0046990907,1794451.2656413675,1759367.7737759491,1698073.70064659,1681372.4272762327,1629033.5034782437,1616692.24909565,1605671.0079478875,1602947.3267174216,8895.856327113686,8544.09481031903,8311.00133865223,8153.354191770371
1992,4,1992.25,1810328.6649939292,1758666.1992615436,1697616.3034174177,1690578.8651921705,1786541.6238347008,1755264.2697417857,1692402.6521850878,1685221.5418357407,1628031.9606193842,1615881.9011512822,1605103.0433435047,1603148.13644959,8808.005553392924,8499.307406075235,8245.832505621043,8180.169586643865
1992,5,1992.33,1808933.2246752111,1762375.2340888607,1698623.8572096713,1699831.8591004878,1786090.0227947328,1757575.8173877166,1692547.7231654665,1692304.8949904118,1625849.735678782,1614767.8709495359,1604894.8658631218,1604390.175671876,8779.595433763168,8523.867418153626,8215.01227515141,8231.293891686075
1992,6,1992.42,1801413.564622504,1762203.6399095217,1704147.824045096,1708539.2312298776,1782495.8223575728,1757366.0448023654,1697404.1719266418,1699505.8048063247,1623126.8984086583,1613581.9026409173,1605224.7163965818,1606150.2839322987,8779.74978842386,8547.602859580966,8243.436157075072,8280.011310305728
1992,7,1992.5,1796615.4184833688,1757890.7835390156,1705006.182277011,1712451.481722719,1779884.0691763356,1752388.6218254103,1714175.4700931818,1709911.3768417481,1620367.4449590414,1612395.8565528295,1605954.5054388063,1608055.9229228268,8722.546073192487,8523.880175997374,8250.840763375068,8289.932885234983
1992,8,1992.58,1798284.4464478998,1752555.5309704242,1706868.5306242472,1715673.719320892,1779858.2615437917,1745501.642713484,1721611.382295046,1717790.4048901615,1618336.872388186,1611279.9995543505,1606775.0751903665,1609767.9908144032,8734.125247806587,8551.67537798916,8272.07632368457,8299.441177959387
1992,9,1992.67,1806177.9500828884,1750986.5318127342,1706102.5375361627,1717870.2453243344,1783355.3478584806,1742308.9406045321,1722128.565811272,1720490.0276835742,1617448.1932806876,1610431.871326845,1607135.9990369114,1610737.5100499105,8832.236008892083,8615.017151013075,8281.986471757251,8312.706342047048
1992,10,1992.75,1817475.8145628541,1761172.0656557602,1709813.4192960756,1715815.740463265,1788462.8310003153,1752945.906665881,1715063.7057758973,1717017.6938213198,1617889.9647517118,1610205.5631823512,1606909.814701863,1610589.2298212694,8839.500634076045,8597.87743918821,8276.065729004342,8296.366691798565
1992,11,1992.83,1830258.5561353348,1779585.371314052,1712369.4663351243,1710073.21867256,1799173.8256750256,1770446.8649251172,1713445.0080934933,1711198.0184990685,1619493.4520409831,1610969.8274743254,1606385.129231074,1609144.1692509123,8883.121131901342,8642.159380399766,8280.26144500747,8260.131939349363
1992,12,1992.92,1845516.8388722087,1798145.7031816747,1711839.103531536,1703174.3549559826,1814126.0934580704,1788321.7026260581,1714334.9774784008,1706300.976938565,1622028.191862236,1612612.9457190367,1605970.700473371,1606954.444769926,8992.503278842118,8739.729097656525,8282.281891077511,8219.562836025103
1993,1,1993.0,1845228.794131701,1799132.1518522287,1711220.2938816405,1696789.6350641567,1819462.7646939426,1786250.5913521138,1708889.2760011381,1695643.992129981,1624934.050366475,1614431.5913345383,1605608.8399615795,1604668.17377293,8958.221081306681,8694.786616334124,8274.395311866669,8183.209092240466
1993,2,1993.08,1831903.6904085285,1783024.5151679628,1708059.2885681058,1690241.4774405798,1808342.8612249773,1772805.6448407674,1702963.3658931663,1686271.8320476057,1627070.4682095014,1615455.4901497252,1605077.2473561277,1602707.2384037375,8911.911989019554,8607.502821874616,8294.861796503425,8158.167915583725
1993,3,1993.17,1817205.9703656796,1764564.075271434,1702727.7708269162,1686617.825226957,1795049.8485446055,1759884.7784704028,1698387.5059916605,1681563.5507370231,1627875.478526487,1615519.351620206,1604467.9947920996,1601721.8270216095,8899.21193317291,8546.92393439665,8311.353475341062,8152.780479610031
1993,4,1993.25,1811093.2403174597,1759346.9583518535,1698075.703299797,1690828.3109299089,1787189.1662504897,1755847.6790114124,1692765.070351724,1685467.9953100968,1626934.0685646106,1614769.276822378,1603960.7499459102,1601982.5272891512,8811.69412037593,8502.6506161147,8246.101123883862,8179.715458280704
1993,5,1993.33,1809739.5821726131,1763100.5182098683,1699104.2382034778,1700127.6784500978,1786789.3986413009,1758216.3587105938,1692942.9009057023,1692598.8776086108,1624812.4774841387,1613715.6338075157,1603811.988343889,1603283.452309177,8783.955913934149,8528.184872325552,8215.188383327475,8230.966050510013
1993,6,1993.42,1802261.2681847122,1762976.5088336153,1704658.5763553372,1708877.5692966687,1783240.49569759,1758053.2499574146,1697833.0486000823,1699840.908027532,1622150.1076975416,1612589.3332826216,1604200.1063629277,1605101.4546243753,8784.717802190831,8552.7551281699,8243.634853101581,8279.783185647686
1993,7,1993.5,1797514.4433980316,1758678.8344954425,1705514.2874801343,1712835.1835157096,1780684.582405226,1753149.266076707,1714668.3623610593,1710302.5112046655,1619450.540175661,1611462.4856576598,1604987.7267325302,1607064.4462987315,8727.769206392746,8528.3615968648,8250.499422187351,8289.778101013122
1993,8,1993.58,1799239.0606645346,1753351.2177776983,1707393.014277556,1716106.5296740015,1780718.6970992617,1746299.6054374413,1722155.4734207625,1718239.1322780575,1617479.3730112438,1610405.446208252,1605866.3519244052,1608834.1947101927,8739.328524815824,8555.03287431746,8271.646044802284,8299.397116697675
1993,9,1993.67,1807180.8251873744,1751804.4518112817,1706662.3928858507,1718349.0964279461,1784264.6391619323,1743130.7903150017,1722710.0868922858,1720984.049744681,1616649.0382060932,1609614.8450042284,1606284.8056950064,1609861.4682803235,8837.344345879805,8617.754315852573,8281.675070652607,8312.763187298468
1993,10,1993.75,1818521.3815617505,1762050.2905038192,1710415.4712400082,1716334.5569515347,1789404.5495213682,1753799.2503293643,1715660.028000375,1717539.3400053103,1617147.6109130532,1609444.900653185,1606115.1990942005,1609770.5385916054,8844.656746826613,8601.025031533702,8276.290464154867,8296.517134340795
1993,11,1993.83,1831340.9195713778,1780531.8908036368,1713003.2103252313,1710622.2659285658,1800151.6408932996,1771354.9335700108,1714064.084912388,1711743.0325599732,1618806.3723834082,1610264.705216586,1605645.804340174,1608381.8279235752,8888.401988448322,8646.056124429928,8280.940802562689,8260.401274585327
1993,12,1993.92,1846642.3414898077,1799148.1748012188,1712501.2732928328,1703751.0108139107,1815148.002014871,1789285.08004697,1714985.7457298527,1706874.068875968,1621395.6007430684,1611962.7436482268,1605285.908073284,1606247.449438082,8997.925782518882,8744.079727339953,8283.22473481428,8219.986522636958
1994,1,1994.0,1846401.8954801208,1800209.6567364882,1711962.3555122826,1697394.0900864482,1820514.7934634543,1787211.4578980908,1709553.2386611088,1696237.9158657023,1624355.345134177,1613835.0583241417,1604977.550977525,1604015.313256928,8963.885832112841,8699.234124610639,8276.110477425003,8183.875530444891
1994,2,1994.08,1833112.1579518714,1784147.5921378217,1708885.4217159767,1690877.8340508996,1809416.8775736461,1773783.861434333,1703682.4641427512,1686894.4726273096,1626544.3644197008,1614910.8112376072,1604498.519833461,1602107.0269243054,8917.53907605867,8611.672496285368,8297.278681657066,8159.140401368138
1994,3,1994.17,1818444.823331467,1765717.7841474426,1703615.3949238248,1687293.981071392,1796155.13762001,1760899.462585929,1699167.2882872422,1682228.6958735343,1627401.0784544332,1615026.145306133,1603941.5786459823,1601173.317219551,8904.630993222898,8550.896779514094,8314.17470137898,8154.096723600695
1994,4,1994.25,1812364.4758764189,1760527.1136769594,1698993.8147677828,1691548.824702039,1788341.8710395861,1756929.177877083,1693592.5656511385,1686185.9779078553,1626511.1352033014,1614327.6285479795,1603486.1249492809,1601485.202574221,8816.735804477701,8506.545539181678,8248.884829671151,8181.447076195855
1994,5,1994.33,1811048.3959558995,1764320.033013698,1700046.5293030287,1700893.1950342876,1787992.0622448858,1759353.5640507024,1693804.466410339,1693363.6440366616,1624441.294773156,1613325.81621231,1603388.4188916266,1602836.9810855216,8788.582477203427,8531.990108022432,8217.818820620005,8233.073599353242
1994,6,1994.42,1803608.684707788,1764236.927232632,1705634.3068493835,1709686.1018373603,1784484.576447585,1759233.0270121412,1698730.3283889417,1700647.227949447,1621830.47182498,1612250.7891755074,1603826.957971493,1604705.3433594147,8789.080922075242,8556.464177647054,8246.247074871544,8282.161790778977
1994,7,1994.5,1798903.1684283984,1759944.282781289,1706487.566867549,1713689.6825602665,1781979.9170597568,1754394.6312872667,1715635.2502799816,1711167.1085583507,1619182.047233736,1611174.9143052609,1604664.95234517,1606718.5025397383,8732.316176755112,8532.038391343991,8253.21006233542,8292.185780636424
1994,8,1994.58,1800667.6774946768,1754616.8364882362,1708384.719814017,1717011.0657438997,1782062.596939606,1747571.5525683593,1723174.2294231057,1719163.0776591718,1617261.8323505216,1610168.575253666,1605594.3877441543,1608538.941416454,8744.172304293148,8558.750135118205,8274.533865367872,8301.803443770785
1994,9,1994.67,1808655.1178117539,1753088.1271912958,1707691.3831387856,1719300.4625807123,1785648.0126550463,1744419.5848490437,1723764.7386950715,1721953.250736334,1616481.7293170637,1609427.5729654192,1606063.104466445,1609616.9318975303,8842.380987634042,8621.526574614478,8284.685243589114,8315.234382805776
1994,10,1994.75,1820036.2906815389,1763388.8284607413,1711486.0464878108,1717325.835370245,1790817.8727583503,1755117.271954798,1716727.1980872292,1718535.1977055294,1617029.6156669748,1609306.414969728,1605942.7801060472,1609576.12692732,8850.601935856652,8605.461080956084,8279.304300919905,8299.283875721396
1994,11,1994.83,1832893.156928514,1781933.3840802058,1714103.9223085355,1711642.248395031,1801598.1878270502,1772724.1516054089,1715151.7214669413,1712760.474491049,1618736.7273916574,1610174.6205371814,1605521.453422188,1608236.3073551222,8895.609322289423,8651.612888081327,8283.924942615455,8263.477554097464
1994,12,1994.92,1848234.5029302407,1800602.4799337524,1713627.1889789705,1704795.4914378852,1816637.514420695,1790706.5556265695,1716102.5142243777,1707916.9931049948,1621373.9467887832,1611920.8103377698,1605209.0149785127,1606149.7364702646,9006.211563852643,8750.636157718962,8286.271518474932,8223.280010607188
1995,1,1995.0,1848033.8545967091,1801737.4568154446,1713162.9404778623,1698463.3867180147,1822029.0662284147,1788630.3372399618,1710681.0435971813,1697297.3907281354,1624381.2381834644,1613840.2728663038,1604947.240836199,1603964.3216570825,8972.206316260437,8706.643545200912,8280.228084161281,8187.206797351578
1995,2,1995.08,1834778.0222671009,1785720.2809070626,1710168.2889088138,1691976.585987624,1810949.8435472867,1775218.7893194605,1704862.7407986168,1687979.3113283988,1626616.490038625,1614961.4692357588,1604514.0197483962,1602101.5895887832,8925.433341326621,8619.278763730917,8302.501716010689,8162.571961989553
1995,3,1995.17,1820140.8151207517,1767318.5425213552,1704958.4420374057,1688431.0158280465,1797718.406065605,1762369.153912051,1700406.8680959232,1683354.1396850913,1627518.4974043006,1615121.8410162865,1604002.8549782613,1601213.0404905688,8912.337404916034,8558.462999904503,8320.045348239617,8157.82490757513
1995,4,1995.25,1814088.9979342578,1762152.261500502,1700366.4471742911,1692728.4037113555,1789950.2187856461,1758462.7325901587,1694877.2635253456,1687363.8136533303,1626673.3730747802,1614468.4290366399,1603592.933047307,1601570.2026224753,8825.270402797496,8514.164994142648,8254.715276417022,8185.694503864483
1995,5,1995.33,1812810.2713036637,1765981.4876947047,1701440.66382926,1702116.2605505013,1789647.5897380523,1760939.7379022406,1695121.3145295407,1694587.205754644,1624648.4050620676,1613512.016906747,1603540.3240193212,1602967.4096620728,8798.143412322683,8539.912082154216,8223.41237199345,8237.815615673533
1995,6,1995.42,1805404.6522296607,1765936.646113292,1707058.6165906433,1710950.5228173002,1786179.195309303,1760859.028887762,1700080.2625777395,1701910.6372612244,1622082.2530574054,1612481.9511275433,1604023.5951916513,1604880.9659904055,8799.279740917023,8564.803013913815,8251.832487149717,8287.256981275334
1995,7,1995.5,1800730.804809736,1761646.2430673062,1707907.5146605908,1714997.9028899665,1783719.5663043095,1756078.6422973657,1717052.4432533567,1712486.7342804354,1619478.2087140803,1611450.8416515596,1604906.424186878,1606939.207314364,8742.227776172593,8539.486519132772,8258.575845212075,8297.328022338266
1995,8,1995.58,1802534.2290604985,1756309.4214166778,1709819.292959348,1718366.5977814004,1783844.816504481,1749273.3173633227,1724639.224240103,1720539.194354705,1617602.4335135757,1610489.0157578548,1605881.1281073573,1608805.1652666295,8753.331438505656,8564.801948078511,8279.871997197488,8306.913099928264
1995,9,1995.67,1810563.960130154,1754787.1751739753,1709155.97710252,1720698.6306341214,1787467.0785458428,1746127.9000006227,1725259.3483818702,1723370.181493373,1616866.5128766987,1609791.4802428514,1606394.4277171374,1609928.448840587,8850.829978592335,8626.66593967779,8289.985066054322,8320.315689783625
1995,10,1995.75,1821978.3611834904,1765136.2001108648,1712985.4716254806,1718758.808327044,1792659.5107352368,1756850.059624979,1718227.5616650213,1719973.394668512,1617458.0643835964,1609713.1491966685,1606317.5203954456,1609931.9775960357,8858.87679499734,8611.455349588221,8284.825825146047,8304.595863387252
1995,11,1995.83,1834866.1362518785,1783742.339147057,1715627.9277935845,1713098.5915783064,1803467.0088007238,1774506.003059525,1716667.3430550373,1714214.888519637,1619208.1430000158,1610624.1243017546,1605938.3554369374,1608634.8921303456,8904.130259939357,8659.098470350162,8289.741980137464,8269.129546817157
1995,12,1995.92,1850245.452443243,1802463.1513643456,1715173.1864707465,1706270.401544303,1818545.5045742563,1792538.8392971272,1717642.7486239208,1709391.303708056,1621888.1859088517,1612413.1069209683,1605667.523508196,1606589.7792275252,9015.110185699406,8759.08964119624,8292.340004870379,8229.203656593963
1996,1,1996.0,1850085.6538502586,1803671.4678935371,1714775.818184025,1699958.3866312413,1823960.8816876584,1790461.9693572202,1712229.192117112,1698782.4681048573,1624938.0122592065,1614374.5272479788,1605446.5843703393,1604444.7751540148,8981.826816344521,8716.138791121155,8286.885950071432,8193.235383644444
1996,2,1996.08,1836860.685239151,1787701.8130309014,1711855.9476633726,1693496.440680998,1812900.031033254,1777067.1036743673,1706456.6271572497,1689484.4037039822,1627214.556122773,1615536.0788489329,1605053.496463664,1602621.5222317404,8935.661202693247,8629.446882167302,8309.843374673072,8168.681160153256
1996,3,1996.17,1822248.618395837,1769328.9875975018,1706701.4021117317,1689984.8334040977,1799695.967879406,1764250.5849407865,1702054.4266095278,1684894.957612575,1628156.8162405924,1615736.3240780935,1604582.5188241268,1601772.4634559385,8922.990685435996,8569.067039034775,8327.920958181658,8164.137698000831
1996,4,1996.25,1816221.6820269958,1764180.2340285017,1702135.4200842304,1694320.6328107875,1791969.4620436574,1760404.729668816,1696565.6167155295,1688953.546854177,1627351.1444330607,1615122.7358367292,1604212.7289143277,1602169.7006234766,8836.420748341281,8524.821162285523,8263.019225601236,8192.240974002636
1996,5,1996.33,1814967.7385167817,1768037.620010772,1703229.2286884228,1703748.813769947,1791707.3284551129,1762928.0857200632,1696838.867761157,1696219.5969640124,1625365.3674242338,1614206.3315083175,1604200.0547017965,1603607.5069382684,8809.739813622915,8550.639062786848,8232.091359337348,8244.643116171714
1996,6,1996.42,1807582.6687335782,1768023.5555015216,1708876.9313569313,1712622.4403308372,1788266.4007090996,1762879.1514354623,1701829.065441009,1703580.5016021058,1622837.8957451633,1613215.748899652,1604723.1105472357,1605561.6443365687,8811.17870298101,8575.717924713383,8260.873316014671,8294.410431008038
1996,7,1996.5,1802932.7187892206,1763731.18934885,1709721.7104209024,1716711.110717691,1785841.7015155612,1758146.4147586268,1718867.0655173925,1714210.6482951734,1620272.1027064044,1612223.839101464,1605645.92943493,1607660.4433808913,8754.221026669857,8550.675578538696,8267.667067165114,8304.802048643993
1996,8,1996.58,1804769.190469943,1758389.1221320194,1711644.8943987277,1720124.0977703652,1786002.2990548457,1751355.215231406,1726498.6350458541,1722316.722418092,1618434.7972679664,1611300.9796313802,1606661.0139605473,1609567.3221537017,8765.223869137804,8576.324230214315,8289.035925664944,8314.727313142415
1996,9,1996.67,1812837.9085524278,1756879.2275910876,1711007.2013665284,1722495.1744344754,1789657.6477945752,1748220.0758638012,1727146.1134391034,1725185.4251382041,1617737.4991225428,1610641.6672819504,1607213.938781609,1610731.0973601546,8862.636124153998,8638.533935170779,8299.35412573706,8328.454561379584
1996,10,1996.75,1824285.5366449493,1767273.6575472713,1714868.9581440862,1720585.9012312382,1794873.4552915914,1758968.9623069596,1720117.1965615905,1721806.727646592,1618367.7454024402,1610601.2748494886,1607175.4725962258,1610773.9158433406,8871.567264979032,8623.356074637677,8294.13395551672,8313.326655106128
1996,11,1996.83,1837204.9367056424,1785933.699469457,1717533.4345456485,1714944.2540613655,1805708.9280114626,1776670.5256213653,1718568.928901683,1716060.363359046,1620156.3700037801,1611550.3747143436,1606833.5146086037,1609514.2708002636,8917.75938461734,8670.851948151403,8298.82626279128,8278.35039127183
1996,12,1996.92,1852623.6963046559,1804701.7806337138,1717095.8357883827,1708129.927204298,1820825.911653567,1794749.435193041,1719564.8660038756,1711252.1399953493,1622875.1090449037,1613377.6698897835,1606599.3783119803,1607505.193035499,9029.215177140586,8770.837305575338,8301.339851082213,8238.6825660022
1997,1,1997.0,1852503.3758275907,1805980.951131847,1716761.9967471682,1701834.2632797728,1826264.7152227915,1792669.1751588448,1714155.516144316,1700648.8481180354,1625963.459849573,1615376.6571870309,1606414.3960363013,1605395.2194594627,8996.065763516246,8727.868502234123,8296.727936222598,8202.589856486524
1997,2,1997.08,1839308.8356242476,1790053.9777110778,1713915.774937035,1695394.2884491663,1815220.439726393,1779288.1512328116,1708426.5620505773,1691367.1322453117,1628277.2315755126,1616574.1811126655,1606056.6565834472,1603606.2798816187,8949.490171997351,8640.888019306592,8320.445943436162,8177.8713655823985
1997,3,1997.17,1824723.3043636295,1771704.1662377252,1708811.9249796073,1691914.8132431216,1802042.8051620044,1766501.5946120953,1704075.3165483873,1686811.102820061,1629255.542265338,1616809.8518993622,1605621.2151830543,1602791.9653844498,8936.289469993753,8580.173146034524,8338.807822513816,8173.356469943045
1997,4,1997.25,1818720.2581172313,1766568.2862765947,1704265.270449538,1696286.4926267,1794356.4276825143,1762712.4313452328,1698621.8379350496,1690916.7718622691,1628484.848157741,1616231.5645014707,1605287.0323831346,1603224.9925167563,8849.729450502704,8535.99653171545,8274.005504676019,8201.687646443856
1997,5,1997.33,1817488.0021858432,1770447.980483871,1705374.6290970014,1705751.9508559257,1794131.6614805143,1765277.7591672288,1698919.5692318988,1698222.4120424471,1626533.5219248105,1615350.591516819,1605309.9066576366,1604699.4166368244,8823.252998585896,8561.981172242518,8243.148517685362,8254.350026474634
1997,6,1997.42,1810116.4960805816,1770454.919997513,1711050.2220385121,1714661.856392996,1790712.9809519842,1765254.5138636983,1703938.123044041,1705617.688722241,1624039.8351210167,1614394.8959765874,1605868.5317068293,1606690.2822763724,8824.727357232887,8587.104363228045,8272.043361482165,8304.31271497339
1997,7,1997.5,1805477.3559769888,1766147.3705121188,1711891.311665474,1718788.4387273984,1788314.0476665122,1760554.4744089916,1721038.9975706935,1716298.58528302,1621507.2988619797,1613437.4721183856,1606827.2005081675,1608825.801685199,8767.35321194118,8562.887186632517,8279.002332545468,8314.841433369696
1997,8,1997.58,1807335.9772238042,1760783.2746192005,1713828.3245340083,1722242.4645042014,1788497.4816543832,1753759.6232960748,1728709.9074582316,1724454.2375297598,1619703.3923276772,1612548.5934895875,1607878.4016335492,1610769.6354673812,8777.986197832037,8589.390920956594,8300.52899197598,8324.924051567983
1997,9,1997.67,1815435.1454446088,1759273.6476085891,1713213.611676384,1724648.6726816208,1792175.3931046245,1750619.5079574299,1729378.2363391318,1727355.959330081,1619039.6670656167,1611922.3517978787,1608466.44576506,1611969.670164626,8875.319690661645,8652.093929906709,8311.026010768972,8338.848728534878
1997,10,1997.75,1826911.7044108189,1769707.6362430656,1717097.6703619836,1722764.8104989715,1797405.4670839286,1761390.4812027465,1722347.9942274215,1723990.8449224073,1619703.683546514,1611914.8307121396,1608461.6985918803,1612047.2030679078,8884.951600683335,8637.076294595481,8305.627073762273,8324.200305275392
1997,11,1997.83,1839857.4716213485,1788421.7650139355,1719775.9623935623,1717136.0635502667,1808264.2412714977,1779136.5826163136,1720806.7302206003,1718251.8086110584,1621526.1518702449,1612897.297233795,1608152.1692826906,1610820.1058912699,8931.906115708247,8684.39998378025,8310.035967477486,8289.602081448049
1997,12,1997.92,1855310.0604547693,1807237.6613571304,1719348.994182283,1710329.5464558457,1823415.4448017874,1797261.1690855764,1721817.9162295377,1713453.2308904345,1624279.093991655,1614758.4066021363,1607949.9338714639,1608841.960120052,9043.866279010686,8784.339526279236,8312.436976353143,8250.103297738191
1998,1,1998.0,1855226.1758023112,1808586.4938128307,1719063.983744756,1704044.6493124447,1828875.1835624212,1795181.891038503,1716408.4992376156,1702849.4332028816,1627401.597610256,1616790.633050053,1607796.1487711656,1606761.8773677263,9010.400945395786,8741.624562272546,8308.505060594425,8213.868849215747
1998,2,1998.08,1842059.9878584736,1792704.6336467855,1716275.535155689,1697620.1487864843,1817846.833446065,1781815.245413577,1710711.5144884354,1693577.0668958477,1629748.3159729734,1618019.8896749355,1607468.9590186651,1605002.2154919794,8963.122690365097,8654.45800468349,8332.910990913826,8188.978369504687
1998,3,1998.17,1827497.9959796786,1774377.9405944683,1711216.6099096402,1694164.871774081,1804693.4780301373,1769056.0384351555,1706401.1600597408,1689046.1850642248,1630758.3608335808,1618286.5971445118,1607064.1646586487,1604217.778633468,8949.461963183001,8593.352385139859,8351.592988436134,8184.461001758735
1998,4,1998.25,1821512.5405983576,1769252.9016714054,1706694.5831691527,1698565.398447657,1797043.120046768,1765320.2363738401,1700980.967813666,1693192.5651513285,1630018.0660009754,1617739.0627602017,1606760.843514114,1604681.9530385737,8863.268258116672,8548.827114461448,8286.98575755062,8213.135244090909
1998,5,1998.33,1820301.025477853,1773153.5436244449,1707824.8394213188,1708064.1488337226,1796851.8338602725,1767924.8151567043,1701305.5159969248,1700534.8295500062,1628096.3418063847,1616888.9147569127,1606814.830279537,1606188.628786906,8837.219820964208,8574.551407851513,8256.352092365401,8266.254193236084
1998,6,1998.42,1812947.145450606,1773182.731702245,1713528.215408671,1717008.5680879531,1793455.9740112594,1767926.8566273584,1706353.1716129915,1707963.2339361599,1625631.5790019834,1615963.5842179866,1607404.8450334396,1608212.1137031445,8838.802664366995,8599.574541202712,8285.521418450626,8316.594363396129
1998,7,1998.5,1808321.0868653418,1768863.2713185372,1714361.3240713766,1721171.093247832,1791084.6441113837,1763259.4114272194,1723515.113258543,1718693.5468253097,1623127.6611764794,1615036.301105553,1608395.2988084122,1610380.3987847914,8781.892456144993,8575.604688263371,8292.752753832996,8327.429558893044
1998,8,1998.58,1810200.7438263118,1763478.2982261216,1716304.5752303507,1724663.189334979,1791291.4260343139,1756461.9223600964,1731222.4077848266,1726896.2134242202,1621352.865714681,1614177.247134731,1609478.5709718328,1612357.2306378253,8793.09360159623,8602.301563594772,8314.440604119345,8337.754001033354
1998,9,1998.67,1818331.6019558904,1761966.6965501537,1715708.314114136,1727101.58260832,1794991.9107917412,1753316.514833837,1731908.4021224962,1729827.790971602,1620718.8062353882,1613580.1107818736,1610097.6753560244,1613589.4452083202,8890.884067250572,8665.152818659233,8325.07253073807,8351.874243605156
1998,10,1998.75,1829833.555049732,1772433.513075898,1719613.0666057572,1725240.907345708,1800235.8976468893,1764107.682240343,1724872.6952107847,1726473.2821134303,1621413.0799194295,1613601.6557491203,1610122.561895566,1613697.4509480116,8901.495850491101,8651.158335701353,8319.761324120142,8337.551580348993
1998,11,1998.83,1842801.4328429135,1791193.552511914,1722301.887722219,1719622.358057882,1811113.5917454143,1781892.606716943,1723334.5633466213,1720738.4397173247,1623266.0747882698,1614613.792132014,1609841.3742153049,1612498.494092903,8949.508810769616,8699.738962066174,8324.29844472834,8303.28010639716
1998,12,1998.92,1858280.668601748,1810048.4160880889,1721883.7719866137,1712819.3248778142,1826293.8534188457,1800055.8714807455,1724357.236351391,1715945.7147631692,1626049.930153611,1616505.0535668957,1609666.9786886056,1610546.794405231,9062.340547468946,8800.67009381238,8326.929501369708,8264.044010393272
1999,1,1999.0,1858223.5565632186,1811457.6466221996,1721645.2611043737,1706541.33682449,1831766.0696179662,1797972.1584311158,1718945.3573307702,1705336.94202939,1629203.1409417489,1618566.8069652307,1609540.3630067867,1608492.1543199099,9028.780987832037,8758.337046658315,8323.099186910886,8227.863511876043
1999,2,1999.08,1845076.6161595704,1795612.746185716,1718912.0527378335,1700129.2852054555,1820745.9040813863,1784614.0861739356,1713277.6633249435,1696070.4221010804,1631579.1080764285,1619823.994616715,1609239.732369945,1606757.4868282487,8980.784830783497,8670.88558623666,8347.43028596366,8202.88285037555
1999,3,1999.17,1830529.7012295043,1777302.095739742,1713890.1697373062,1696696.4086943092,1807609.076844669,1771875.6192471858,1709004.0910982117,1691562.080528222,1632616.9147322755,1620117.7586858466,1608861.625407818,1605998.9455109374,8966.589923372478,8609.401926488848,8366.004628637742,8198.315836744126
1999,4,1999.25,1824557.4512828698,1772180.8522110789,1709381.022419516,1701122.5515811264,1799987.6311240946,1768184.2704963088,1703608.5278493897,1695745.9565113643,1631902.6851269342,1619596.7889847248,1608585.1714001945,1606490.5852011654,8880.502626998283,8564.662337501393,8301.309485367292,8227.090691928577
1999,5,1999.33,1823358.2775740041,1776094.9197635325,1710522.7094203332,1710649.3391015527,1799822.7655299671,1770819.7978800174,1703951.111357521,1703119.3193021512,1630005.9286922195,1618773.0755510814,1608666.2179003053,1608025.9443465727,8854.689722833025,8590.272097363306,8270.57972584299,8280.347685632854
1999,6,1999.42,1816007.1909915558,1776140.7269636197,1716248.4644734391,1719622.302458504,1796439.1380722243,1770839.2996676103,1709021.069231057,1710574.6158185191,1627565.2102724642,1617873.6094060494,1609283.5543377863,1610078.4213253628,8856.286328240914,8615.242454649517,8299.671689975256,8330.763026802704
1999,7,1999.5,1811386.4873061373,1771807.3399180667,1717074.0472291044,1723814.1383316098,1794084.5419564426,1766194.1500630048,1726239.3816033886,1721347.5525203014,1625084.8461444143,1616971.8432937316,1610301.6940137257,1612275.6994273285,8799.016090891291,8590.93400380443,8307.253668627307,8341.588034015555
1999,8,1999.58,1813276.6038588204,1766400.725950752,1719021.9303944388,1727338.1693026307,1794306.8414511094,1759389.0959905137,1733978.8048815313,1729591.2781936587,1623334.154146501,1616137.9365310785,1611412.8458361705,1614281.5459718918,8809.607115670047,8617.053399024959,8329.454256419569,8351.99462042142
1999,9,1999.67,1821425.563303253,1764883.7905967415,1718439.158616111,1729802.6614704987,1798019.1820285309,1756234.701151865,1734677.9163873035,1732547.3690489666,1622724.8841195737,1615565.3193468503,1612058.70248653,1615541.7308462823,8906.859622149084,8679.459481530896,8340.335114915435,8366.244145049805
1999,10,1999.75,1832950.9421114887,1775377.218947602,1722358.4416534335,1727958.3363435897,1803271.0621373283,1767041.8371273912,1727631.8246055054,1729198.224229959,1623444.7185722066,1615611.4019106096,1612108.792030067,1615675.7552618412,8917.05076145483,8665.818578778793,8335.02940390844,8352.090066260655
1999,11,1999.83,1845943.7693670348,1794179.664430466,1725054.9212289052,1722343.004976617,1814167.728435289,1784862.0877982606,1726092.134394569,1723461.66009978,1625323.882328469,1616648.784588944,1611851.4396563605,1614500.238115707,8964.579574272671,8714.857181423895,8339.534011807813,8317.911671016775
1999,12,1999.92,1861453.428237485,1813076.245735712,1724641.3743502945,1715538.2125327627,1829378.1687651393,1803063.9861821502,1727122.5939697896,1718669.377511959,1628134.5830089056,1618565.96763408,1611700.3803415154,1612570.1334908323,9077.035421106779,8815.99095546267,8342.164654544633,8278.699321933047
2000,1,2000.0,1861427.6933895447,1814548.9494272075,1724438.6664691016,1709262.973220004,1834866.981655757,1800978.3594228972,1721703.2118337688,1708050.632134214,1631314.6821007028,1620653.228844453,1611596.463501106,1610536.1035196122,9044.368145899118,8773.81202744024,8338.36235153009,8242.613978531263
2000,2,2000.08,1848304.3452988907,1798741.1061949579,1721748.4662103248,1702858.1109323206,1823858.2059601739,1787628.9782698376,1716055.2296063923,1698784.1490533496,1633716.2530772467,1621934.4264928908,1611317.8986683206,1608821.7111373805,8997.397193706964,8686.505941866453,8362.703579672008,8217.753256336333
2000,3,2000.17,1833776.7234433843,1780445.2710668675,1716758.971890366,1699440.5358488238,1810739.7078904102,1774909.6308549945,1711810.0861357455,1694291.3455641246,1634778.1985027173,1622251.2843058968,1610961.958324082,1608084.502406821,8983.764531143881,8625.293245475457,8381.340800366548,8213.306588703994
2000,4,2000.25,1827816.458295292,1775324.0730215604,1712263.3176213587,1703886.1289571573,1803147.7640564337,1771262.7283996018,1706437.2343345608,1698507.036565464,1634086.2772145965,1621752.89361037,1610708.0140011031,1608599.2362846653,8897.918196156525,8581.225834684337,8316.83983363928,8242.213396218476
2000,5,2000.33,1826626.9294594275,1779247.8151404816,1713416.1026501367,1713437.68935414,1803007.274052551,1773927.3357352833,1706797.0758752655,1705908.2414218332,1632210.5628389914,1620951.6592679573,1610812.0196447282,1610159.1421478898,8872.059541225382,8607.374968128837,8286.29580652087,8295.61365395224
2000,6,2000.42,1819277.2815866414,1779304.557978978,1719162.177585416,1722437.1284379256,1799633.71155187,1773961.1162861574,1711887.6432923542,1713388.3171252303,1629789.872270004,1620074.1187915886,1611452.763767271,1612236.68148886,8873.578280535585,8632.61186078857,8315.549467494244,8346.175974577343
2000,7,2000.5,1814661.3109820047,1774948.8855480226,1719978.5863724113,1726655.983440946,1797293.946803066,1769332.0407225655,1729162.8376907737,1724202.257449217,1627329.0636637402,1619193.9281800878,1612494.7994676381,1614459.1530971676,8816.173629706584,8607.6882846646,8323.182750242788,8357.116261258905
2000,8,2000.58,1816565.97040875,1769513.8678225914,1721932.284506996,1730209.7612551975,1797531.4370855528,1762512.0962189408,1736933.163649332,1732485.5913670908,1625598.6268745344,1618381.2024157941,1613630.1062857243,1616490.2756807057,8826.4820239965,8632.955398555627,8345.538602207025,8367.645419380764
2000,9,2000.67,1824736.9636708929,1767987.2821670866,1721360.509404065,1732697.8830917953,1801257.8407640818,1759344.2882513094,1737642.9291189788,1735464.0032122466,1625010.5761414585,1617829.222757842,1614298.9551290588,1617774.6544105161,8923.417933646759,8694.880382686008,8356.508514866597,8381.986760128646
2000,10,2000.75,1836281.7732345895,1778508.520604943,1725292.741802186,1730867.9517406144,1806515.7121201803,1770167.9125532354,1730583.2780387283,1732117.498670434,1625752.6661840687,1617896.1731559504,1614370.4463152296,1617930.8132178995,8933.6565278269,8681.100341654595,8351.39124279804,8368.016862322485
2000,11,2000.83,1849293.744711597,1797354.8162124953,1727994.0845295766,1725254.8683714012,1817427.3606845005,1788025.3512559223,1729040.4228024068,1726377.4340597782,1627654.8027047128,1618955.4212433167,1614133.1911170946,1616774.752294715,8981.262528579642,8730.103137933374,8356.109687419697,8334.034946849551
2000,12,2000.92,1864830.708830989,1816289.3112059345,1727580.656646616,1718446.5845344907,1832665.0614618051,1806264.1925861877,1730075.9802285803,1721583.7844971572,1630489.2405017572,1620895.2940937784,1614001.8271232082,1614862.2666058803,9093.699533419744,8831.2209351376,8358.876055791361,8294.961877217105
2001,1,2001.0,1864833.494739232,1817823.3668794895,1727411.0559766924,1712172.2385063816,1838166.6622558383,1804174.6971354943,1724644.9926204428,1710952.168681293,1633693.1312526388,1623004.8351652892,1613917.0112601225,1612844.9531908506,9061.333579416634,8789.434364798764,8354.589059355549,8259.060273333953
2001,2,2001.08,1851732.467959042,1802054.4216564079,1724765.0108165927,1705773.079814202,1827166.8395921306,1790832.932676302,1719014.8655064988,1701683.3550953986,1636117.142321619,1624306.7987078344,1613656.9642784144,1611147.0865724897,9014.712376625983,8702.728733813763,8378.436141940992,8234.292059749603
2001,3,2001.17,1837221.2155282479,1783774.8844066514,1719807.0001667207,1702370.6844736452,1814065.4843924493,1778132.7185172692,1714798.1685863899,1697205.3363298771,1637200.0174971258,1624643.499708465,1613319.7936487393,1610427.7335562452,9001.35322896074,8641.915073130021,8396.896327320961,8229.850264148406
2001,4,2001.25,1831271.3885619615,1778656.2731584464,1715322.5257860913,1706835.2608026583,1806501.8565753256,1774530.741303723,1709446.7113772572,1701452.77418273,1636527.0750572567,1624164.4567940175,1613085.112402804,1610962.4124341044,8915.603783419727,8597.57742369828,8332.741645120546,8258.485142161779
2001,5,2001.33,1830092.6613011842,1782592.1756958521,1716487.1797130536,1716410.2789654238,1806386.476156933,1777225.9639129764,1709823.4686271793,1708881.1820318806,1634669.034397382,1623382.546731233,1613209.0019693123,1612543.9621717066,8889.375338106936,8623.153172204973,8302.628589426362,8311.599161859125
2001,6,2001.42,1822746.0095850453,1782662.3711472333,1722255.5051099376,1725435.2164104932,1803024.1622157623,1777275.5090971743,1714935.5122909488,1716385.4877196243,1632265.0868436547,1622523.897338467,1613870.2755676662,1614643.8143946975,8890.329538826547,8647.953629051433,8332.103589888811,8362.034886966849
2001,7,2001.5,1818133.8558508614,1778285.4274465053,1723063.5015367796,1729680.6009125637,1800700.478321748,1772664.5579647024,1732271.2521818662,1727241.042608844,1629820.721850727,1621662.4093375222,1614933.516713457,1616888.8445390705,8832.252982898195,8623.527498885434,8339.540525701228,8372.923575692026
2001,8,2001.58,1820050.866314552,1772820.7284933885,1725023.640612102,1733264.6671984184,1800952.4091993913,1765829.5152796328,1740074.4993082792,1735565.3170045712,1628107.6596671091,1620868.1435749498,1616090.4456607802,1618942.7103246166,8841.911416472267,8649.403029087254,8361.446024075774,8383.356445605583
2001,9,2001.67,1828246.5734515642,1771284.7720557507,1724465.4081332453,1735777.775005634,1804692.759893211,1762647.47707908,1740795.5718324066,1738566.9814670759,1627538.188174761,1620334.1868194107,1616779.7957196767,1620248.7847674484,8938.360758213403,8711.520470084064,8372.092521541668,8397.540476491593
2001,10,2001.75,1839814.921124217,1781835.598653415,1728410.2058109117,1733963.373971379,1809959.2349313882,1773489.4246046254,1733721.9070334996,1735223.6729059848,1628300.2156139973,1620419.5713091074,1616870.2254397785,1620424.5631282867,8948.908746068493,8697.323468416975,8366.799301921588,8383.529534599507
2001,11,2001.83,1852848.878964012,1800728.1519963788,1731113.181485467,1728351.8783382643,1820888.5123396246,1791386.4247325195,1732174.3120079075,1729479.497733095,1630223.3102712303,1621498.4894038595,1616650.6369102502,1619285.3815221428,8996.930026654089,8745.848986471394,8371.362570846522,8349.50566406194
2001,12,2001.92,1868415.7342920436,1819704.9394719072,1730698.445963477,1721538.120846638,1836156.201753117,1809665.4657512957,1733213.7966555997,1724683.0091289366,1633079.6970227854,1623459.0783774294,1616536.6131796723,1617387.906352613,9109.484880116597,8846.758389809866,8373.96353807369,8310.315637129588
2002,1,2002.0,1868451.1261932447,1821307.5973533713,1730565.1066800354,1715263.2032856715,1841672.9016582994,1807572.889752502,1727769.0921643418,1714036.2594698735,1636305.7367655076,1625589.0532821822,1616468.6229376656,1615384.7460728518,9077.718626651102,8804.935094891613,8369.952965060675,8274.488223023594
2002,2,2002.08,1855374.0569107414,1805582.1202259222,1727966.3116177344,1708869.0337596673,1830684.0487049345,1794240.4116170674,1722157.6260338344,1704763.9167407209,1638750.5905226,1626909.962265482,1616224.914133072,1613700.9706178822,9031.706001063147,8718.210612474282,8394.177673158641,8249.9211234972
2002,3,2002.17,1840879.137515461,1787319.8367658684,1723042.7393428371,1705481.6828163932,1817600.7558999166,1781560.8414018855,1717971.0477137303,1700300.7381114885,1639852.772951082,1627264.7286348606,1615904.4949419221,1612997.3001473823,9018.636145772858,8657.4069330972,8412.876901630536,8245.694210188529
2002,4,2002.25,1834940.6082063683,1782201.933732546,1718571.173407424,1709965.9477180364,1810066.9070078782,1778006.8097082262,1712643.3926440598,1704581.5053469134,1639197.0841731743,1626803.301774295,1615687.2543095213,1613550.0706104878,8933.305978966848,8613.622618074083,8348.947027587928,8274.326379250087
2002,5,2002.33,1833770.496950165,1786148.2888796234,1719747.8756466738,1719566.1888287084,1809977.2863343884,1780733.692008571,1713038.3827781805,1712038.9373289447,1637354.9429806087,1626039.0618871993,1615829.3981294627,1615151.7015484285,8907.536731525033,8639.85888537944,8319.016946504898,8327.388491284059
2002,6,2002.42,1826423.0436380745,1786229.9906467958,1725539.3460236506,1728618.6789224716,1806623.922501495,1780797.752386785,1718172.7918524249,1719569.1127269743,1634965.9083317132,1625197.6669443906,1616509.7192784927,1617272.4971397428,8908.834295870622,8665.106406435973,8348.661886558853,8377.862744090313
2002,7,2002.5,1821814.7672044118,1781828.7110885165,1726338.9026771951,1732892.772561365,1804314.7117635359,1776204.2321333245,1735573.070287166,1730469.0893439103,1632536.1442569033,1624353.2672450559,1617592.8148015526,1619538.8443335688,8850.764514043045,8640.64198056934,8355.56242022989,8388.813555058712
2002,8,2002.58,1823747.331352056,1776332.347693713,1728306.2892370548,1736510.1112960803,1804582.109801554,1769352.482328472,1743411.5285948901,1738837.3780514272,1630838.7731553956,1623575.9101465633,1618770.125122751,1621614.3149101543,8860.310274617206,8665.835785446867,8376.888213349272,8399.216853281008
2002,9,2002.67,1831970.2485568852,1774785.8411097273,1727760.7172272939,1739050.6119978589,1808338.4321466167,1766155.1973168321,1744144.5329128995,1741864.3100812486,1630286.4549030613,1623058.5149665915,1619478.740392762,1622940.958637073,8956.69218283246,8727.293380565636,8387.179856158393,8413.261536059112
2002,10,2002.75,1843564.0241865362,1785366.6204484396,1731719.209003329,1737252.7664135692,1813614.4350270214,1777015.8322870254,1737055.4174370416,1738524.507733266,1631067.2403769155,1623161.011234169,1619586.838390691,1623135.1547048527,8966.970422008626,8713.75761018252,8381.70440870596,8399.025038224536
2002,11,2002.83,1856619.8657602328,1804307.74949647,1734428.5113812443,1731643.2475301547,1824562.1584132435,1794954.132914122,1735503.89929602,1732776.2218957623,1633010.2978405876,1624258.457781532,1619383.6584712085,1622011.5252214759,9014.631374372415,8763.173124790155,8386.099644177673,8364.72793833061
2002,12,2002.92,1872215.7073142792,1823327.5884121116,1734017.036658748,1724824.5077897378,1839859.9686083002,1813274.7720473413,1736550.033687805,1727977.8022177266,1635887.759532129,1626238.7909964183,1619285.8370546775,1620127.7070622619,9127.064303317928,8864.523872651182,8388.524521733127,8325.26418661195
2003,1,2003.0,1872282.249211091,1824998.2196958053,1733920.8169462385,1718549.9157327006,1845390.6330865961,1811178.1979086474,1731093.28076164,1717316.3580539091,1639135.1099804763,1628388.2853916513,1619233.6375144506,1618137.430035441,9095.659853949997,8822.759564200218,8384.90445856536,8289.392820691315
2003,2,2003.08,1859227.9860678082,1809314.7050123096,1731369.6205837096,1712161.7008577462,1834411.1221485476,1797853.6592242932,1725500.7903388236,1708040.9260056932,1641599.901110343,1629727.190541886,1619005.2673962605,1616466.6089890068,9049.801773516057,8735.61069618661,8409.474900857454,8264.883224202362
2003,3,2003.17,1844751.309229045,1791069.1213236747,1726479.3944040115,1708790.8604412368,1821345.6149654854,1785194.0205992924,1721344.5491092845,1703593.5524811952,1642720.4017875395,1630099.0225587701,1618700.6405181445,1615777.6846698986,9036.646738454101,8674.451507928503,8428.276919352435,8260.733551563859
2003,4,2003.25,1838830.2052898556,1785952.5504522433,1722017.9005713675,1713295.5417926465,1813844.338498867,1781688.8890607527,1716039.177263721,1707908.8510344294,1642080.900277361,1629654.201710337,1618499.9238764194,1616347.8246231042,8951.644688790993,8631.100111989155,8364.22897341282,8289.349275377432
2003,5,2003.33,1837677.1219014965,1789911.5138156847,1723204.484712898,1722920.60677106,1813785.767081956,1784449.8227197246,1716450.875489704,1715395.2703164886,1640253.6305574556,1628906.6841544372,1618659.4630117074,1617968.9454852385,8926.444955786048,8657.980542555635,8334.14353062971,8342.31983392974
2003,6,2003.42,1830333.333746699,1790008.8680126208,1729017.6105221417,1731999.6766751257,1810446.420900615,1784531.9349643453,1721606.6095442215,1722950.5298826068,1637878.6096651326,1628081.7208662492,1619358.0597975864,1620110.1230167125,8928.159108070777,8683.649897060852,8363.717670383692,8392.710020865517
2003,7,2003.5,1825728.653115855,1785584.751773326,1729807.2839579934,1736301.2583432673,1808155.4208765812,1779958.3403227543,1739074.4421703436,1733894.9363053204,1635462.6919969437,1627253.7215798863,1620460.3485474566,1622397.2180121401,8870.065157305864,8658.771126445972,8370.817783396553,8403.777405433277
2003,8,2003.58,1827675.7893277344,1780055.1657608894,1731783.2398658555,1739950.9949134511,1808439.263801804,1773089.5049112614,1746950.0716147136,1742307.9726456776,1633780.4175953877,1626492.6597786618,1621657.4970021609,1624493.7349502943,8879.408882374259,8683.327833072017,8392.66845859898,8414.524667404861
2003,9,2003.67,1835922.5623999904,1778497.778839593,1731251.386495651,1742518.4138572195,1812210.4609651587,1769875.9871242265,1747695.3289860918,1745360.1917670837,1633244.7731755918,1625991.2481912766,1622384.8256914096,1625840.3492675705,8975.653861011651,8744.483901019097,8403.318582124719,8428.911833347087
2003,10,2003.75,1847543.4962727814,1789111.8664950235,1735222.7920749139,1740736.7226696275,1817493.906095402,1780756.7906069814,1740588.5730856152,1742022.755862467,1634043.9117932157,1626110.349454065,1622509.9756578282,1626052.2641907367,8986.089106616537,8730.701615416552,8397.842446188944,8414.882249403483
2003,11,2003.83,1860625.5595865706,1808105.3205943916,1737933.8953741118,1735127.7444114867,1828462.6566268085,1798740.0319154027,1739030.7081452443,1736268.5363962003,1636006.6730281033,1627225.956988468,1622322.5230402446,1624943.3355301337,9033.789329451629,8780.032646794398,8402.037702142374,8380.593955024453
2003,12,2003.92,1876255.526800741,1827172.040263082,1737521.5942828117,1728302.312651536,1843794.381130872,1817105.7590449452,1740080.9854761316,1731466.0790763628,1638905.1366854429,1629225.797586971,1622240.210330713,1623072.2194768009,9146.075102858129,8881.371930708068,8404.300940977606,8341.042096572786
2004,1,2004.0,1876356.501922622,1828918.7929706704,1737466.2183687233,1722027.082326262,1849341.376975798,1815005.1983866515,1734607.7022699916,1720787.2524931622,1642173.8347596861,1631394.6049361909,1622203.082181027,1621093.8431863629,9114.774354564304,8840.468466194672,8400.69723179198,8305.129812333227
2004,2,2004.08,1863326.5220431287,1813282.3078596266,1734967.4011603857,1715644.1807819423,1838371.8560833365,1801689.5160505113,1729035.0841983177,1711507.3360659818,1644658.5342968586,1632751.220919266,1621989.3502996003,1619435.0382906902,9069.0633698969,8754.134711847271,8425.462679329696,8280.614275836871
2004,3,2004.17,1848867.3541518468,1795055.037526019,1730114.682701504,1712289.3234741464,1825325.1244204987,1789051.5868651741,1724911.790728467,1707075.9198053002,1645797.2282702024,1633139.8145303912,1621699.9517450808,1618760.1144883465,9056.007171720004,8693.338720576636,8444.483597417266,8276.504023879075
2004,4,2004.25,1842959.2800943172,1789938.7833975344,1725666.4553281015,1716814.9157480213,1817856.7596606794,1785599.6251923724,1719632.4749785087,1711427.5670374127,1645173.6282041953,1632711.3156429443,1621515.3637401722,1619347.1413652592,8971.347543585453,8650.388614120642,8380.879300618386,8305.11778362415
2004,5,2004.33,1841817.9948506183,1793909.3203751044,1726864.7402630986,1726467.1087755172,1817827.7251294584,1788395.953504372,1720063.6265741198,1718945.4833557678,1643360.804128016,1631980.279249084,1621692.0745733043,1620987.5288078126,8946.5830811427,8677.62104788251,8351.245153088848,8358.145244251753
2004,6,2004.42,1834476.1276283597,1794019.9146824284,1732700.7670946373,1735575.4850904264,1814499.9806930483,1788494.7008336848,1725242.5132668898,1726528.3229960818,1640999.2503707265,1631171.452194392,1622408.834811317,1623149.0449671592,8948.606640009673,8703.550829606495,8381.173578084792,8408.704472185642
2004,7,2004.5,1829870.5192574332,1789567.976721076,1733478.7599273238,1739907.2291759143,1812225.399389404,1783940.7102175085,1742782.9394746507,1737520.9582507205,1638596.6034809817,1630359.531761257,1623530.2933708485,1625456.9599386603,8890.673434662178,8678.918808976787,8388.156276153044,8420.137233602001
2004,8,2004.58,1831831.7144335061,1784002.2441856253,1735462.0667887167,1743592.2926713782,1812522.8413300933,1777051.8186890257,1750697.89806205,1745982.2915900794,1636928.8832554545,1629614.4369469476,1624747.325207799,1627574.6847079652,8900.072080217189,8703.547448515255,8409.979545627795,8431.306281882033
2004,9,2004.67,1840109.8105772652,1782431.5168772107,1734944.4232560443,1746188.5710087605,1816311.144067018,1773820.1201965513,1751455.603081664,1749061.4348295345,1636409.5277028417,1629128.6753571685,1625493.3395002885,1628941.392209532,8996.423122337741,8764.747404896701,8420.794432353156,8446.031220316863
2004,10,2004.75,1851759.7127829902,1793078.8520059837,1738932.4011977857,1744424.6850651482,1821604.949215428,1784720.7681766918,1744329.985412903,1745726.529671136,1637226.9098134113,1629264.1230297973,1625635.4225363377,1629171.0145645614,9007.051427279168,8751.08744460853,8415.980669958592,8432.287732967745
2004,11,2004.83,1864870.7634464796,1812127.7463343015,1741650.050115296,1738817.820081069,1832595.5077761547,1802750.7385564332,1742766.9544666025,1739966.9513381722,1639209.4097361988,1630397.7841270848,1625463.5470248368,1628076.6125332066,9054.750654098309,8800.374852599909,8420.76414111631,8398.223145577555
2004,12,2004.92,1880536.9702702279,1831245.0523004392,1741240.0155622573,1731986.9728612544,1847964.2543468801,1821164.8882309545,1743824.0498287543,1735162.0013322532,1642129.0527833097,1632417.1991051596,1625396.6739763839,1626217.9719471652,9166.893113882381,8901.612328904785,8423.361593272744,8358.86782465863
2005,1,2005.0,1880673.3805914985,1833072.3771240348,1741228.147939139,1725712.322346903,1853528.0699857476,1819061.0031314797,1738335.4606720267,1724466.3618868003,1645419.3458325684,1634605.476452168,1625374.6160061855,1624251.3112152747,9135.18806712946,8860.611533398305,8420.021003113037,8323.108302893765
2005,2,2005.08,1867670.7904967186,1817485.047378473,1738784.4728595188,1719336.2105773436,1842569.7014920183,1805755.1440151057,1732784.5319828088,1715182.8548285412,1647924.1636668248,1635979.938982494,1625175.5583809982,1622604.4256054792,9088.887030253329,8773.793805038891,8444.922136964415,8298.706365134129
2005,3,2005.17,1853233.7354367638,1799276.0844245444,1733969.3550938026,1716000.0362829582,1829544.3785898336,1793140.33826611,1728695.6463763611,1710769.330946592,1649081.2354350612,1636385.4192625517,1624901.4866939615,1621943.5914399656,9075.277053530246,8712.410043407004,8463.942889465949,8294.738545310393
2005,4,2005.25,1847343.0522228037,1794161.0191829016,1729533.4800817326,1720549.1595372737,1822113.1340783774,1789744.772398074,1723442.5664695818,1715160.1658978646,1648473.6691978434,1635973.3815358868,1624733.1843370837,1622547.8178216734,8990.972724184812,8669.620998066059,8400.193119357866,8323.63398697182
2005,5,2005.33,1846217.368157527,1798146.8170849553,1730745.4777536856,1730230.6852270854,1822117.7794993098,1792580.1989975232,1723894.4379537483,1722711.8489654947,1646675.4201543888,1635259.0418023476,1624927.324440839,1624207.9526077162,8966.811629771437,8697.276971880263,8370.354066226419,8376.929937078157
2005,6,2005.42,1838877.3496671782,1798273.3271098488,1736608.396783838,1739370.6979445387,1818804.1342422306,1792698.8101048528,1729099.4383917016,1730324.6144894816,1644327.4920152784,1634466.6543409217,1625662.6558119867,1626390.3838461037,8969.125215982738,8723.492453663473,8400.196009383078,8427.656593036816
2005,7,2005.5,1834280.2390282704,1793791.878116665,1737377.4518597168,1743735.5803999724,1816550.2829161347,1788165.5597730014,1746718.5824690466,1741369.4846971792,1641938.3387961013,1633671.1796253314,1626803.84835768,1628719.7787712873,8911.827903500702,8699.19876821532,8407.303974272421,8439.135690136241
2005,8,2005.58,1836262.5644386031,1788188.6327000142,1739373.1902804715,1747459.7888587127,1816869.815848803,1781256.3221245147,1754677.241846097,1749883.6043366003,1640285.6973807665,1632942.4772626474,1628041.4454567025,1630859.4628789802,8921.834792039734,8724.061662624168,8429.331945071306,8450.345227532971
2005,9,2005.67,1844570.7797340383,1786609.5415939547,1738875.9696426238,1750088.897328843,1820677.66530316,1778008.4146766,1755451.128690573,1752993.5221126038,1639783.3851845695,1632472.9164942566,1628806.8541175092,1632247.0309583908,9018.6121662307,8785.45298473049,8440.27160256215,8465.150544629447
2005,10,2005.75,1856254.304763975,1797300.9915297523,1742884.8855463816,1748346.2369126608,1825982.4978326517,1788936.6745928514,1748310.0922662031,1749664.138927859,1640619.884703986,1632625.5010293294,1628966.6210364348,1632495.092774013,9029.332962197672,8772.041953832295,8435.214972701673,8451.512816169037
2005,11,2005.83,1869396.7761864022,1816416.044525918,1745610.3554566659,1742743.5814661025,1836999.6350986988,1807023.1703335706,1746745.0849435586,1743901.6337383382,1642623.2108034345,1633778.3140067328,1628811.1525606613,1631415.8831184397,9076.791411362297,8821.34926222887,8439.524274557732,8417.399655183804
2005,12,2005.92,1885102.0522779704,1835591.3263477895,1745201.7495346817,1735908.6425443133,1852409.3214317202,1825493.4352001697,1747811.0928327169,1739096.0482728295,1645565.3388672424,1635818.6316983094,1628760.645487898,1629570.3704963827,9188.679186398198,8922.4945415228,8441.734029378385,8377.869997552598
2006,1,2006.0,1885278.557999833,1837505.7226499142,1745236.7660844408,1729635.9786049153,1857993.327299187,1823386.9813569796,1742306.4573507903,1728383.6838441058,1648878.6629825088,1638027.732575099,1628754.6107783404,1627616.1092862254,9157.06902874525,8881.970123158357,8438.525432868175,8341.967209500692
2006,2,2006.08,1872304.8835177103,1821971.1846658275,1742853.1048627952,1723268.2441249904,1847047.5368976286,1810091.7773250912,1736779.551003016,1719097.345487421,1651404.9939818273,1639421.264716946,1628571.187016602,1625981.890524004,9110.691816389626,8795.48490372195,8463.590266551284,8317.444515251207
2006,3,2006.17,1857889.775753548,1803782.9912415135,1738080.712742655,1719952.7094616026,1834044.6589503193,1797502.2080731788,1732728.9385115453,1714703.8960861224,1652581.717812002,1639844.80054494,1628313.4887943487,1625336.0814831832,9096.827092238307,8734.101766719867,8482.597698717027,8313.393492317256
2006,4,2006.25,1852016.3267643217,1798669.4547859305,1733659.9314450512,1724527.7632118387,1826652.4436805053,1794167.8238642004,1727505.8599167923,1719137.7678827317,1651991.288654999,1639450.388479284,1628162.6410389098,1625958.6962820408,9013.328931938504,8690.890159422033,8419.196665152858,8342.27585961043
2006,5,2006.33,1850906.815697292,1802670.5975059776,1734886.2912442419,1734241.5142963103,1826692.630839263,1797045.0003692962,1727980.599570906,1726726.5614722248,1650208.6178514585,1638753.939527344,1628375.483919492,1627639.986153978,8990.148026626523,8718.265245882683,8389.841886433942,8395.683347828995
2006,6,2006.42,1843569.9218503137,1802814.497812125,1740777.3230940343,1743416.181230102,1823394.1208136883,1797184.594591012,1733213.3938427528,1734371.9170370668,1647875.2599668184,1637979.154697762,1629130.7289180728,1629844.844487714,8992.936268753045,8744.480017617841,8420.045734400406,8446.604401694085
2006,7,2006.5,1838978.4116179922,1798302.8250922193,1741535.5112521518,1747817.044503025,1821161.7569458585,1792675.4048560017,1750916.6923053027,1745473.1862800338,1645500.5490566762,1637201.3141805842,1630293.0708935936,1632197.2801545232,8935.786045417231,8720.142880248504,8427.110524037715,8458.324126872863
2006,8,2006.58,1840980.4283024976,1792659.874894807,1743542.4938763871,1751583.3002693523,1821501.9995431136,1785745.3461122292,1758921.9975905716,1754043.995507208,1643863.9876694458,1636490.2187665617,1631552.717431246,1634360.5244011583,8945.732472945863,8744.682564292336,8449.12714266316,8469.788488210197
2006,9,2006.67,1849321.6588285035,1791069.0731241365,1743064.1930520386,1754247.4165101792,1825330.027928323,1782479.0658201198,1759712.3146043536,1757186.6057703078,1643379.8249157749,1636038.0176441455,1632338.9150288873,1635770.4740872637,9042.434393431147,8805.835935724677,8460.100892741088,8484.763276549074
2006,10,2006.75,1861038.5289472935,1801802.233487981,1747093.4006314548,1752526.8902656774,1830646.2607864698,1793432.878022695,1752552.3460153718,1753862.2176053608,1644236.6961743156,1636208.8627589657,1632517.5850493466,1636038.3022806603,9052.80670009573,8793.195859128069,8454.874929458632,8471.108232764896
2006,11,2006.83,1874213.4893678466,1820982.6016779807,1749826.6950193387,1746927.9758512257,1841689.2431825383,1811574.9411310598,1750983.1271030677,1748095.317715831,1646262.146914698,1637381.959961307,1632379.567740196,1634975.3313727025,9099.640745529576,8843.296669167288,8458.891725495765,8436.813049603084
2006,12,2006.92,1889960.5744709072,1840216.613323211,1749421.3196705247,1740087.9822528537,1857141.268430506,1830101.5452144481,1752057.8756493088,1743288.1105606996,1649228.0865536784,1639444.3372910556,1632346.41000808,1633143.7917124236,9211.089791557171,8944.777468214454,8460.883147449182,8397.071926578146
2007,1,2007.0,1890178.3082130235,1842222.615199673,1749506.7176621023,1733817.0198188182,1862745.5840081128,1827991.461169727,1746536.707300777,1732557.641402725,1652565.7509915503,1641675.39696605,1632357.344424781,1631202.6874684645,9179.492428366797,8904.60290728766,8458.276176304991,8361.160118264954
2007,2,2007.08,1877233.9233260239,1826743.8413534933,1747186.3098363632,1727457.8833553416,1851812.151198748,1814707.2432598572,1741035.195904678,1723268.1057676377,1655114.773650623,1643089.0462102294,1632190.468083706,1629581.8946163587,9133.020101676017,8818.005525816305,8483.911599552797,8336.761082387427
2007,3,2007.17,1862841.09617727,1808577.1336572582,1742458.9267556726,1724164.0161848639,1838832.242702456,1802143.8911525926,1737024.92121961,1718895.7275866834,1656312.1907271557,1643531.6181670153,1631950.0851325586,1628952.0062964805,9118.904480645664,8756.338156985497,8503.140869570632,8332.90344059426
2007,4,2007.25,1856984.6754185634,1803464.304371011,1738054.0142644926,1728766.3277722367,1831480.3781127194,1798873.332599017,1731833.2718264323,1723375.020344918,1655739.7603991693,1643155.7660568757,1631817.6847168596,1629594.104458425,9035.857079166037,8712.909246049307,8440.031740269775,8362.003440545122
2007,5,2007.33,1855890.8497120654,1807480.4870149505,1739295.4552932673,1738514.0147545233,1831556.89438349,1801793.5331907,1732331.9718397388,1731002.9169351738,1653973.3969317952,1642478.1258704,1632050.2834333517,1631297.8025929513,9013.34185109075,8740.26011007722,8410.911171074464,8415.643564369857
2007,6,2007.42,1848555.8707570783,1807641.5988340853,1745216.0610998068,1747725.2085432485,1828273.1042717046,1801954.2013733592,1737593.9765579647,1738682.597758086,1651655.2434117747,1641721.8185248305,1632826.5541596,1633526.403810782,9016.466022784665,8766.545147654902,8441.285446661406,8466.80140943228
2007,7,2007.5,1843968.457517062,1803097.1787849865,1745962.593373701,1752163.8614045791,1826061.8609813126,1797468.695489015,1755385.210076925,1749843.1039133242,1649295.5721605183,1640962.4576854485,1634011.201183748,1635903.2099547735,8959.836083933507,8741.885267103533,8447.905370265764,8478.658998605073
2007,8,2007.58,1845989.3215414172,1797411.4276986332,1747980.761862439,1755974.0261846082,1826422.111914076,1790515.270772716,1763438.7086913395,1758473.0789464966,1647675.7501327684,1640269.7745569218,1635294.0522854968,1638091.3273330054,8970.277978433107,8765.80965823526,8469.416266338332,8490.105814047009
2007,9,2007.67,1854363.7692503408,1795807.2736770697,1747521.5708392644,1758674.4213983824,1830269.8035045885,1787228.455030075,1764245.466538177,1761649.4513910094,1647210.494518167,1639835.7006382868,1636102.0798754352,1639524.8474160004,9067.346591943042,8826.563217793997,8480.13164418562,8504.977856598454
2007,10,2007.75,1866114.324861329,1806582.468825215,1751570.9677363948,1756976.4169315908,1835596.8269984012,1798208.147551442,1757064.9522584393,1758329.698045107,1648088.6171900847,1640025.6059538836,1636300.551870351,1639813.4266942777,9077.440057644966,8814.618193002625,8475.080198206697,8491.178532670709
2007,11,2007.83,1879322.0971170818,1825829.6104049433,1754311.4556128462,1751380.5643145638,1846665.7238977358,1816407.1071669257,1755490.4429068377,1752557.4199261484,1650137.1672470362,1641219.8759810196,1636180.7731994684,1638767.430503741,9123.433036895549,8865.379782031661,8479.210898292571,8456.708914272293
2007,12,2007.92,1895111.8016517311,1845123.886065722,1753908.5502428478,1744534.3024894209,1862160.8978246357,1834991.435775497,1756573.38013389,1747747.5768848278,1653127.9637966512,1643305.2699376578,1636165.7071085793,1636950.4251302693,9234.212475200493,8967.02574345659,8481.174400586482,8416.808104906066
2008,1,2008.0,1895370.849170126,1847224.0370169214,1754044.5322060944,1738264.1769232727,1867785.2920661333,1832877.0318213226,1751034.253168532,1736997.0947760085,1656491.0118128092,1645559.2212413712,1636194.3023361892,1635022.9577018628,9203.335001748665,8927.277336032566,8478.46479244334,8381.160348011952
2008,2,2008.08,1882455.12151442,1831801.9578876894,1751788.0354088212,1731912.995220542,1856863.3092878957,1819603.1334289834,1745557.6702932005,1727703.0843113228,1659063.6455461227,1646993.8012950083,1636044.6058147638,1633416.0635712305,9157.805539699235,8841.046030294996,8503.967155462899,8357.086224441287
2008,3,2008.17,1868083.8259865239,1813656.0460010837,1747105.9872315638,1728640.6949430273,1843905.7723484342,1807065.5972880672,1741587.9027073018,1723351.5292024743,1660282.513147165,1647456.1026818312,1635822.1560226176,1632802.68202719,9144.186580540994,8779.621850250907,8523.165732198002,8353.414240597007
2008,4,2008.25,1862243.0668712491,1808541.8552059003,1742716.5805963478,1733270.2735895219,1836594.1200448668,1803859.6259290427,1736427.6061413842,1727877.1883310948,1659728.6153639539,1647099.4041978687,1635708.8381205506,1633465.017583549,9061.693106554247,8736.294936870345,8460.221761104383,8382.50014705209
2008,5,2008.33,1861163.1135826958,1812571.3540851232,1743972.937738729,1743052.2742015084,1836706.2320061014,1806822.4690059747,1736950.2490690446,1735544.8401787137,1657978.9070259982,1646441.099231849,1635961.8638492115,1635192.0034460672,9039.65937531493,8763.748848940419,8431.30233132839,8436.10140207887
2008,6,2008.42,1853827.4730632186,1812748.0836636864,1749923.5320758584,1752300.6139206074,1833435.3455803508,1807002.8952138922,1742241.7861152503,1743259.3633015517,1655676.1676088364,1645703.7205632206,1636759.866660594,1637445.2619678096,9043.08566357827,8790.21763670946,8461.834451911503,8487.30447487906
2008,7,2008.5,1849241.3883674287,1808167.8912405216,1750657.2321836709,1756777.5193222107,1831243.3382310013,1802538.7823085045,1760123.0491230572,1754480.4084873446,1653331.673051669,1644963.22550817,1637967.534369254,1639847.3353557119,8986.264416173331,8765.544318005142,8468.836966685216,8499.22489508734
2008,8,2008.58,1851279.02474709,1802435.9342464446,1752685.732002935,1760632.0192005513,1831621.5265529472,1795558.5046771695,1768224.8837476957,1763170.452846092,1651728.7563073093,1644289.2695425057,1639274.2614454778,1642061.1606775646,8996.373654646211,8789.19198509682,8490.948457547724,8510.915940986935
2008,9,2008.67,1859685.6934987297,1800816.1121556628,1752244.690537027,1763368.6078061447,1835487.2167180139,1792248.3349201228,1769046.9949680422,1766380.3544134463,1651282.6543161438,1643873.5915496089,1640104.6519194164,1643518.9257816111,9093.310404897185,8849.802230042404,8502.06807972539,8526.11264062701
2008,10,2008.75,1871469.353386877,1811632.4334942894,1756313.0102317596,1761692.345554886,1840823.599013573,1803253.495311947,1761843.6372600012,1763063.9492074933,1652182.3894470523,1644082.8470080632,1640323.3023623198,1643828.7033101446,9104.249511106658,8838.129207590695,8497.26890090644,8512.58385510923
2008,11,2008.83,1884709.4844396308,1830946.520196519,1759059.137488541,1756097.9402786954,1851917.7234549262,1821509.624780138,1760262.0103056312,1757284.5105253253,1654254.4938775147,1645298.6553041,1640222.021425367,1642799.870883171,9151.017623114994,8889.216933739635,8501.473638133002,8478.217512400148
2008,12,2008.92,1900541.7526632953,1850301.4947426575,1758657.0909724946,1749243.3275055885,1867455.9636456834,1840151.9923695044,1761351.7126378291,1752470.1596043142,1657270.6634821517,1647407.4850808443,1640225.2483876627,1640997.4055494003,9262.210281174315,8991.169562700374,8503.491038530681,8438.343949936716
2009,1,2009.0,1900841.524003199,1852497.046262974,1758842.4155497437,1742972.3909078112,1873099.6432279227,1838032.4468623528,1755792.6833811584,1741697.059568892,1660659.5995962864,1649684.7209415336,1640271.6487523667,1639083.4942011097,9231.4430606365,8952.891087327114,8501.08467499847,8402.89772184373
2009,2,2009.08,1887953.3784805832,1837131.842285685,1756649.0593113839,1736627.7528960719,1862187.8903670353,1824767.8648201537,1750339.5253357997,1732396.5761073995,1663256.2323271034,1651140.5175789644,1640139.214075665,1637490.41323208,9185.739632001223,8867.90447343715,8527.027246359965,8379.07524387644
2009,3,2009.17,1873602.423871687,1819005.5333507708,1752011.5885439406,1733376.0646029776,1849251.6478783789,1812255.1310058367,1746409.3248704872,1728064.7113430172,1664496.7791056044,1651622.7070361518,1639934.7537088569,1636893.5629669533,9172.055487170048,8806.986003524287,8546.623462226025,8375.67898650967
2009,4,2009.25,1867775.5216604127,1813887.575024366,1747636.8330287754,1738032.058131193,1841979.3543837985,1809113.4793529487,1741279.4571023446,1732636.6869339256,1663961.412267808,1651285.2082752597,1639840.586291755,1637576.3208437436,9089.526911482313,8763.713510094449,8484.402979718765,8404.979614038872
2009,5,2009.33,1866707.1159666816,1817928.16942953,1748907.5989462829,1747847.9369950625,1842125.621370293,1812117.7948907327,1741825.4703054442,1740343.914402493,1662228.1582002267,1650646.2040414913,1640114.143972847,1639326.898247923,9067.224676910993,8790.993615382757,8456.229321752975,8458.870372706551
2009,6,2009.42,1859367.731914425,1818118.3666282957,1754888.0820137267,1757133.2955277318,1838865.2548074923,1812316.075752812,1747146.2986777148,1748093.0879573072,1659940.4883714004,1649927.644452293,1640934.0204563697,1641605.1523506495,9070.27366911035,8817.275135357544,8487.33220064546,8510.482357791068
2009,7,2009.5,1854779.5407131533,1813499.2431614865,1755607.9251387457,1761648.2062508825,1836689.8615260103,1807870.14561491,1765118.676036143,1759375.065902206,1657610.7504782325,1649205.837205915,1642164.853885789,1644032.8108453094,9014.04762746963,8792.119076365045,8493.93748636169,8522.93407178412
2009,8,2009.58,1856831.0725383544,1807717.6391242146,1757645.806970073,1765546.7689196367,1837083.0985244599,1800859.1017637781,1773268.2899095437,1768125.2397228112,1656024.338920447,1648550.3545317003,1643495.5473541724,1646272.5897691362,9024.84157692529,8815.011410174659,8515.59676109249,8535.02563194336
2009,9,2009.67,1865268.180999954,1806079.5817027737,1757221.5296295767,1768318.83429388,1840964.40665763,1797522.483690892,1774104.1929327906,1771367.8239425723,1655597.067669444,1648152.7792778213,1644348.2564614855,1647754.6840260793,9122.05025881421,8875.069153611763,8526.590314404748,8550.417631952174
2009,10,2009.75,1877083.6858037508,1816935.1312190592,1761307.0500430448,1766663.0302733365,1846308.2287033594,1808552.1932362227,1766875.6068828448,1768053.1527191617,1656518.2096460452,1648381.116019299,1644586.8950837632,1648085.5239946372,9132.455799496647,8863.748600580906,8521.648692295985,8537.075661537207
2009,11,2009.83,1890355.0831279343,1836315.1630180855,1764056.9899586884,1761068.1366141438,1857426.309243607,1826864.817804839,1765284.8364134321,1762264.5468902474,1658613.7616184696,1649618.2641728958,1644503.8183318,1647073.4784957322,9178.237277273667,8915.18083127877,8525.626466904188,8502.760903445227
2009,12,2009.92,1906229.1279201698,1855730.3275667746,1763653.9302906368,1754202.8255809343,1873006.7755922752,1845564.598368333,1766379.5233432818,1757443.533391407,1661655.253499269,1651750.3789990065,1644524.990709559,1645285.0071715235,9288.686816391653,9017.08861467396,8527.46880165299,8462.807644372859
2010,1,2010.0,1906568.380167327,1858021.343208761,1763886.2492250726,1747929.1628079303,1878668.5007679043,1843439.162372704,1760798.7198111762,1746645.0656794827,1665070.012595971,1654050.731723946,1644588.800730084,1643384.0321717237,9257.923171205397,8978.949877375844,8525.585643842027,8427.273771302824
2010,2,2010.08,1893706.3048301344,1842712.5479905908,1761754.0685915658,1741589.3313211591,1867765.5337582366,1830182.7480275834,1755366.8441121588,1737335.8603470426,1667690.4788383958,1655527.4954729495,1644473.1802992485,1641804.1547097545,9212.388879743407,8893.96372004269,8552.093539417903,8403.432195380776
2010,3,2010.17,1879374.1313084688,1824604.2800430725,1757159.597487251,1738356.8451310927,1854849.132231947,1817693.3534628972,1751474.473885202,1733022.0606108713,1668952.3936583048,1656029.2009115554,1644286.2320056038,1641223.3390507305,9198.677900404275,8832.918849604743,8571.944492950279,8400.148531152101
2010,4,2010.25,1873558.8381094455,1819479.8305920272,1752798.3588148048,1743037.8519976395,1847614.6826549927,1814614.7484191481,1746373.462613007,1737639.628179698,1668435.02224657,1655710.4127199934,1644210.748311856,1641926.1777570506,9116.470292054973,8789.892953556451,8509.804204898464,8429.592812532539
2010,5,2010.33,1872499.0812749548,1823528.7302753555,1754082.8330141737,1752886.6014554696,1847792.9099744477,1817658.5223733566,1746941.8697239032,1745385.6511041052,1666717.4818086394,1655090.1287872186,1644504.4096767856,1643700.117655396,9094.621146092531,8817.493749679614,8481.594033012947,8483.601874628877
2010,6,2010.42,1865152.3401640488,1823729.644168842,1760092.7302156806,1762208.3152381321,1844540.077072911,1817872.138544276,1752291.3363058236,1753168.7717594085,1664443.9952378233,1654389.734911896,1645345.770040992,1646003.1722189004,9097.908210632657,8843.951904972611,8512.696770095243,8535.316670287275
2010,7,2010.5,1860557.9615657968,1819068.5419965151,1760797.7379170242,1766760.3830588982,1842377.9026951771,1813440.1793402582,1770354.6667272854,1764511.2494917936,1662128.0508883372,1653685.8909236728,1646599.3736273271,1648456.19730533,9042.52839168668,8819.286033035165,8518.848219241547,8547.716153364356
2010,8,2010.58,1862619.7432574532,1813234.039069436,1762843.6407792824,1770701.984614535,1842782.4956518083,1806394.1827810262,1778550.5846746059,1773320.663227083,1660557.191310107,1653048.0775505018,1647953.563943012,1650721.6225525008,9054.187907999702,8842.3815464555,8539.920249050328,8559.6488627167
2010,9,2010.67,1871084.7386478134,1811574.9959442385,1762434.124401432,1773508.075834289,1846676.3631471882,1803027.873829343,1779398.1621443492,1776594.370893675,1660147.8707465362,1652667.7709486654,1648827.9907178634,1652227.5696627048,9152.007212135612,8902.465146867109,8550.545563611893,8574.877993665343
2010,10,2010.75,1882930.1349864602,1822466.8661655567,1766534.3652378668,1771870.7815210533,1852025.2644773733,1814080.733358577,1772141.8484952487,1773279.4230064782,1661089.6580510817,1652914.380844144,1649085.8820990096,1652578.7810359516,9162.780883198502,8891.898140410261,8545.715018949077,8561.486698997764
2010,11,2010.83,1896231.0427740158,1841910.598460692,1769285.7220404427,1766272.9623944135,1863165.4475565045,1832448.1928590012,1770539.5634759336,1767479.2925305795,1663207.9978001304,1654172.1220617476,1649020.1829238022,1651582.6063636516,9208.495671213126,8943.975519917623,8549.757103708354,8527.063012989802
2010,12,2010.92,1912145.3108848198,1861384.414000955,1768879.3023030024,1759394.1758671913,1878786.5090383538,1851203.7562046987,1771636.9253647819,1762649.0193889807,1666274.2006073717,1656326.8116621932,1649058.4181460221,1649807.05347566,9318.859012868832,9046.182347337517,8551.54105944478,8486.935062001792
2011,1,2011.0,1912521.9491747166,1863769.502184351,1769154.7142052257,1753115.3868043204,1884464.5273054263,1849071.6506597004,1766032.2685450108,1751822.1274710165,1669714.1521801802,1658649.5593759124,1649138.7104296857,1647917.8716557014,9287.497830972245,9008.902031963784,8550.236785167795,8451.49970100095
2011,2,2011.08,1899683.7171979356,1848515.7000102017,1767080.0183550224,1746778.011546884,1873568.4629103672,1835821.8518246568,1760618.4333268527,1742501.4253289911,1672357.7331642625,1660146.5052629681,1649038.9235515748,1646350.0685735936,9241.098906335937,8924.155614006273,8577.36924281291,8427.873168458882
2011,3,2011.17,1885368.1364497337,1830423.2875864771,1762525.7217078987,1743562.5285279201,1860669.8056270257,1823353.5878003845,1756760.9273827684,1738203.2290509432,1673640.1581932297,1660666.814311967,1648868.4604419456,1645784.257690111,9226.719964153373,8862.790609655163,8597.534255654486,8424.839500701326
2011,4,2011.25,1879561.4996441607,1825289.0122493159,1758176.1507869533,1748266.2699510546,1853470.7419113333,1820335.470601411,1751686.236225117,1742864.603987047,1673139.7001890107,1660365.6940040477,1648810.6322510215,1646506.279514158,9144.361071143796,8819.287921024745,8535.802958708293,8454.444339931797
2011,5,2011.33,1878506.658843328,1829342.5575101075,1759473.024685066,1758145.9691592848,1853677.7071695265,1823415.5581677763,1752275.3057484198,1750647.6856743677,1671436.5743091982,1659762.977244251,1649123.3987860028,1648302.7752543811,9122.233697526666,8846.493718511612,8507.92352435082,8508.605580985155
2011,6,2011.42,1871148.1821636108,1829550.5624631129,1765511.0974628527,1767502.4788613312,1850428.5656390865,1823641.096410065,1757651.9721763004,1758463.1803828585,1669175.8168775162,1659079.5160390271,1649985.2730525627,1650629.8454120993,9124.954329009655,8872.584743833253,8539.23031550666,8560.527016290991
2011,7,2011.5,1866542.7611666368,1824844.1536327533,1766200.119056824,1772089.8857749898,1848275.2250766146,1819217.6476574792,1775804.6953229667,1769864.529586372,1666872.1254753117,1658392.319805273,1651260.6543679368,1653107.4161386052,9070.033733197804,8848.1030795791,8545.108569270016,8573.289792257954
2011,8,2011.58,1868610.2545060772,1818953.332558218,1768252.181970002,1776072.444289677,1848686.5106199635,1812131.912309739,1784044.360452655,1778731.0717629783,1665315.268047284,1657770.7688689157,1652637.2532186145,1655397.556694889,9082.40917782646,8871.312624544998,8565.937328663316,8585.57066628943
2011,9,2011.67,1877099.6126539286,1817270.0949108086,1767854.6644307645,1778910.1338638759,1852589.0041402946,1808732.2341461119,1784900.7240623364,1782033.3937850778,1664922.4067661837,1657406.2951283113,1653532.1759905536,1656926.2484148624,9180.680737703691,8931.366614388802,8576.542285967247,8601.019616546637
2011,10,2011.75,1888972.1088232603,1828194.2763604566,1771966.251517386,1777288.579459552,1857939.9670219738,1819806.153810326,1777613.844108342,1778715.582180125,1665883.4559193237,1657669.7631275249,1653807.971014479,1657296.5141196102,9192.27849011513,8920.86115499936,8572.197769084567,8587.884431366154
2011,11,2011.83,1902300.003821821,1847698.1845745712,1774715.9174341569,1771684.7881526186,1869099.6824070257,1838225.7186856342,1775997.1700138266,1772901.0877776477,1668023.296280629,1658946.7303640924,1653758.2181796385,1656314.6864975484,9238.569031616442,8972.75143336795,8576.7078632708,8553.689646165296
2011,12,2011.92,1918252.0627622618,1867227.9900835757,1774303.1800515489,1764789.2137518707,1884758.809277459,1857034.343140387,1777094.242650562,1768058.4015090836,1671112.959856037,1661122.6501330365,1653812.0261682782,1654550.3799155822,9349.170406115734,9074.806954027754,8578.780901411807,8513.73772915384
2012,1,2012.0,1918663.3265165966,1869704.4359730422,1774616.6596247277,1758502.3692417366,1890450.8244455073,1854894.7312919188,1771463.3797668873,1757199.670686739,1674576.8291300905,1663466.4410309014,1653907.268329474,1652671.257428292,9318.50404872315,9038.631244517903,8577.62157162678,8478.402955659387
2012,2,2012.08,1905846.31822921,1854503.4996015176,1772594.6087609811,1752164.5585345356,1879559.538750487,1841649.7787702857,1766063.600151121,1747864.2581921658,1677242.181480465,1664982.179366556,1653821.736487339,1651113.814574186,9273.065125635381,8955.192589176382,8604.87963739933,8454.803817393136
2012,3,2012.17,1891544.7882415117,1836424.3814163702,1768076.7936841738,1748963.2260002028,1866676.145132884,1829199.957110397,1762237.1249843405,1743578.5421134797,1678543.6547506838,1665519.5837793963,1653666.1303041682,1650561.3849951054,9259.501424989094,8894.626553977037,8625.26513795353,8451.878824458548
2012,4,2012.25,1885743.5764061185,1831276.8562138646,1763736.7055207205,1753686.7466703577,1859509.3954218356,1826238.8101377995,1757185.5614804805,1748281.0733501166,1678058.4417891856,1665234.4941435824,1653624.3254904777,1651301.081559917,9177.148270969463,8850.775166078502,8563.712377688647,8481.576066483909
2012,5,2012.33,1884689.6300634067,1835331.1302487792,1765044.4300437453,1763594.7978773732,1859741.325295952,1829351.4247034532,1757793.1293393292,1756098.760262409,1676367.8538521796,1664647.5947382797,1653954.595207457,1653118.7024664842,9154.575740982174,8877.23228472169,8535.881093798813,8535.810040448901
2012,6,2012.42,1877314.8316870697,1835542.2723830373,1771109.0003707102,1772983.8989380312,1856491.704603571,1829585.0905734298,1763195.0853357385,1763944.4491679152,1674117.8054004274,1663979.2469246893,1654835.410749839,1655468.378231467,9156.853562501865,8902.807997485475,8567.219764580846,8587.80824412595
2012,7,2012.5,1872693.2094434218,1830787.5023333745,1771781.0571566622,1777604.178914018,1854342.3624713495,1825164.1025587302,1781434.560153633,1775402.1676489238,1671824.26878645,1663306.8029014906,1656130.970634155,1657969.0494164,9102.367254500223,8878.375539887258,8573.084004015864,8600.663257634396
2012,8,2012.58,1874761.4167519875,1824837.32722321,1773837.2966862002,1781624.9316168863,1854755.2004394117,1818033.8745317184,1789714.7587408647,1784322.8886574127,1670279.3011375854,1662699.5341109103,1657528.2781022592,1660282.34630779,9115.541341236853,8901.665118172314,8594.038330907462,8613.120690568107
2012,9,2012.67,1883271.0744613465,1823126.7258096936,1773448.6667923122,1784491.2115019213,1858661.9700763412,1814597.2375380867,1790576.6901900962,1787650.7735596963,1669900.8409842353,1662348.8987227122,1658441.8806070508,1661832.0583999953,9214.484910735555,8961.7735747521,8604.768067400233,8628.746769490986
2012,10,2012.75,1895167.3380558246,1834078.5613973883,1777567.9209065272,1782882.2438521802,1864011.7192920432,1825689.7974532994,1783256.5047630714,1784327.3144834489,1670879.199105386,1662627.2553813774,1658733.6599256431,1662219.4716165285,9226.484653005022,8952.22264811046,8600.593856322961,8615.775496703498
2012,11,2012.83,1908519.1751183865,1853638.2269986023,1780312.6760666766,1777269.293777094,1875187.9746613733,1844158.0013558092,1781622.54890053,1778495.5676172979,1673038.6831006845,1663921.5201113247,1658697.87626502,1661249.915500754,9272.602151172494,9004.911986599145,8605.06539355257,8581.601904675264
2012,12,2012.92,1924505.9894376923,1873220.5911406488,1779890.5710500083,1770353.5681641283,1890882.026898009,1863016.2085806336,1782716.1907181903,1773637.2311725074,1676149.9813607195,1666116.7573620328,1658765.231832571,1659494.6610792147,9383.022151495854,9107.34685160852,8607.053225286912,8541.585723243632
2013,1,2013.0,1924948.4330934747,1875784.4446794302,1780236.2455939495,1764055.6528951656,1896585.4040233158,1860868.3022380383,1777056.934169585,1762743.3406058133,1679635.919062758,1668479.6826273035,1658873.3709152208,1657623.3626097732,9353.166000409732,9071.52054761994,8606.399697258288,8506.357558906026
2013,2,2013.08,1912149.4684567703,1860633.4325482203,1778260.9873498064,1757714.3470907935,1885696.4861098612,1847626.2010711236,1771666.7481444087,1753389.9400023937,1682321.1458523935,1670012.2936416457,1658800.0086857437,1656074.078834991,9308.345065702424,8987.95573496144,8634.116823426153,8482.923961102373
2013,3,2013.17,1897858.9946153313,1842564.6131246798,1773775.2427527145,1754523.9775732062,1872825.4298821583,1835191.6543678145,1767866.811894922,1749113.2256133596,1683639.6713452162,1670564.7659945954,1658657.1225543409,1655532.9136015247,9294.874016120652,8927.207830902595,8654.717372015857,8480.203908152205
2013,4,2013.25,1892059.461015165,1837400.0922435513,1769442.205993749,1759263.883289389,1865687.1865399627,1832282.9261486018,1762834.6552959208,1753853.6388947836,1683167.5205481525,1670293.5529913593,1658629.1973018264,1656288.2643865463,9212.51203330162,8883.64252668127,8593.725271303658,8510.088700906443
2013,5,2013.33,1891001.7840521215,1841450.607410631,1770759.0335015233,1769197.182854349,1865939.502592261,1835423.4145635695,1763458.1939078833,1761702.9218684263,1681487.0854237413,1669720.1976104402,1658974.8529571446,1658125.0508052935,9189.722712483754,8910.48443804907,8566.502685023584,8564.582295723185
2013,6,2013.42,1883605.611491694,1841660.346335571,1776848.0251573788,1778616.161067994,1862684.6510597186,1835660.8041909253,1768883.1150294144,1769576.139112861,1679245.2221337906,1669064.623932988,1659872.5175495672,1660495.3882186695,9191.671248015098,8936.23742860286,8598.303444310935,8616.92264315379
2013,7,2013.5,1878961.985850677,1836854.2228144377,1777502.2629234875,1783266.291282327,1860533.6998277223,1831235.33409925,1787205.3821203248,1781086.880361695,1676959.2382357388,1668404.515002848,1661186.125044522,1663017.1773677494,9136.947779914452,8911.408110859391,8604.285116011317,8630.302176984605
2013,8,2013.58,1881025.0416139737,1830841.8221244013,1779560.3997739495,1787321.7776513223,1860942.0841696654,1824055.6105968573,1795521.9940220935,1790057.890293138,1675423.5248039558,1667809.0224408407,1662601.8916868134,1665351.5220889412,9149.688976011947,8933.916079523278,8625.469848223825,8643.34964737727
2013,9,2013.67,1889549.9952550204,1829100.4935046,1779177.0502778692,1790212.9768407806,1864847.9886926569,1820578.2521032547,1796385.771595853,1793407.627118052,1675056.8651065223,1667469.7097529261,1663531.8171645214,1666919.9838251343,9248.106880108196,8993.489222409251,8636.445282571229,8659.419620811925
2013,10,2013.75,1901465.7850588441,1840074.1561577704,1783299.6646506537,1788612.8969209422,1870192.6933335885,1831686.3682250383,1789029.5952523258,1790075.4636574907,1676050.0206648917,1667760.457785975,1663837.139555974,1667322.11081841,9260.709503816663,8983.755838025667,8631.961472063726,8646.750289508082
2013,11,2013.83,1914837.630904074,1859683.6527572598,1786035.8747665691,1782987.2778954257,1881381.7273709602,1850198.494410039,1787375.2586172621,1784223.3974226334,1678226.7208356974,1669069.5419453948,1663812.8428351823,1666362.2565635566,9307.553376340476,9036.33324799443,8635.901083914556,8612.589179196928
2013,12,2013.92,1930855.1540798587,1879313.8622596185,1785601.0251813955,1776047.8071117064,1897106.5363812197,1869101.5444669174,1788461.8947461336,1779345.9016505948,1681357.2376986218,1671281.612676153,1663891.2133717854,1664613.3862584408,9418.274620624374,9138.725780456965,8637.526162728813,8572.402664917568
2014,1,2014.0,1931324.1834296063,1881959.3226951954,1785971.6180499515,1769735.509047611,1902817.9761217572,1866944.5177192134,1782772.1390309168,1768413.4778028233,1684862.7950381064,1673661.1961249881,1664009.6933443043,1662747.2111218162,9388.590013208885,9103.371730381625,8636.728677827246,8537.047782535232
2014,2,2014.08,1918539.1186396251,1866854.0641976637,1784035.6918454643,1763387.2353433166,1891928.45335065,1853702.84696412,1777386.2406130477,1759038.5422545944,1687565.4177601403,1675208.2196487288,1663945.9164220172,1661203.4220825685,9343.651217277089,9020.14562106638,8664.370313405612,8513.480435787262
2014,3,2014.17,1904255.9120153715,1848791.8049086027,1779576.440241957,1760204.0132634803,1879066.03520314,1841279.5967072141,1773607.2632236318,1754766.6919889108,1688898.4342348787,1675773.1946435315,1663813.0977063647,1660670.9167748413,9329.970385663162,8959.359074606107,8684.888696663822,8510.655009858985
2014,4,2014.25,1898453.5173207324,1843605.8786636947,1775247.488538345,1764956.1532390295,1871951.340942274,1838417.1271840227,1768589.8788259574,1759540.7104276964,1688436.6130042288,1675513.1566483984,1663796.374917575,1661439.3749140725,9247.143021548798,8916.067351885573,8624.472262069425,8540.445043858601
2014,5,2014.33,1897386.567530629,1847647.1408753127,1776571.2056383265,1774910.7563873124,1872218.2414480413,1841579.4567727528,1769226.1769536934,1767417.6678180262,1686763.3933832357,1674950.5024757385,1664154.748380795,1663292.8053992637,9223.797955350828,8943.11093342606,8597.988612768297,8594.993598577268
2014,6,2014.42,1889963.1754023745,1847849.9444243016,1782681.8295530435,1784356.0509482154,1868952.4634327625,1841815.159272559,1774671.0066591613,1775314.9301332836,1684526.6352552634,1674304.788020742,1665066.6015010886,1665681.2794882704,9225.226692563738,8968.805286848996,8630.296685024834,8647.53898086537
2014,7,2014.5,1885290.8883138902,1842989.5779203344,1783317.3492212624,1789032.0614227082,1866793.1579492118,1837376.82959759,1793070.145115828,1786874.0217990428,1682245.0357770524,1673654.0082836046,1666395.5297212692,1668221.6062088106,9170.189483256852,8944.15645490507,8636.59536331948,8661.26084086055
2014,8,2014.58,1887341.881469945,1836912.3517194574,1785374.4474949427,1793117.6534819868,1867189.9666304537,1830142.2563717323,1801417.6443822833,1795889.953772083,1680715.3442076177,1673067.1843782577,1667826.874687978,1670574.2625828881,9182.747876814563,8966.725514250606,8658.012214689845,8674.703212355047
2014,9,2014.67,1895875.9702685787,1835136.649111889,1784991.8708238571,1796028.9875598352,1871088.8869412835,1826620.2069635843,1802278.7176125653,1799256.7491029382,1680357.2604044906,1672736.0801941166,1668770.1377173087,1672158.5670102767,9281.08989051015,9026.276957617278,8669.153915363591,8691.090619445047
2014,10,2014.75,1907805.958212224,1846124.8113657464,1789112.428437781,1794433.1340452493,1876424.024933615,1837739.9792034687,1794883.7239897645,1795912.2656384334,1681362.0552519613,1673036.1118197916,1669085.9496952207,1672572.3528560733,9294.066202108263,9016.490478135252,8664.000184607647,8678.412713649952
2014,11,2014.83,1921192.8199216046,1865776.310524733,1791835.6196842124,1788790.6569213383,1887621.1426347285,1856289.759347228,1793205.4123763747,1790036.3490769414,1683552.8802798975,1674356.89599971,1669070.0592501315,1671619.0424137528,9341.12272501785,9068.795823158387,8666.972251683099,8643.864310828738
2014,12,2014.92,1937235.7729693546,1885448.0223203332,1791383.9671618857,1781823.2945894743,1903371.2795275657,1875231.3303746695,1794280.7014476617,1785135.5949710556,1686699.5091172273,1676582.6432025873,1669156.3041152603,1669873.3166298908,9451.778165233414,9170.899966430248,8667.880739966578,8603.164386880224
2015,1,2015.0,1937725.701049336,1888167.1674216902,1791770.3064386607,1775492.6750030182,1909086.7176270883,1873064.300190732,1788558.1225061861,1774160.9492330845,1690221.5322189063,1678975.7358353958,1669281.9590349721,1668008.9955408953,9422.211629137202,9135.936664815434,8667.338197651012,8567.597051972896
2015,2,2015.08,1924949.627858482,1873102.2474395304,1789864.1753303267,1769133.2069270601,1898193.164392896,1859820.2184797945,1783169.945058541,1764760.3531063313,1692938.3910238661,1680534.0699593932,1669224.5717771861,1666467.463444804,9377.282678952963,9053.023089329272,8695.436384422497,8544.03211356611
2015,3,2015.17,1910669.2307128638,1855042.127150472,1785424.326638975,1765952.3247576621,1885334.9792910544,1847403.434096552,1779404.8643733454,1760488.2075757403,1694282.6800530388,1681108.3447682427,1669098.5337699412,1665940.4044480945,9363.456657840232,8992.209858268247,8716.164519433582,8541.301365160312
2015,4,2015.25,1904858.8063166249,1849830.0351536612,1781095.7427826233,1770711.444670426,1878237.7872958211,1844579.44395004,1774396.468966017,1765290.1517854761,1693827.8218340648,1680856.1345724985,1669089.6813691696,1666718.7626394944,9281.068568917264,8948.280212638076,8655.38328620748,8571.040187962062
2015,5,2015.33,1903776.35708125,1853855.8933540415,1782423.506863439,1780682.2402015903,1878512.4109375451,1847756.3778475975,1775041.4513873272,1773189.6297347557,1692158.2524118493,1680300.6766073483,1669457.4315724194,1668585.6116655644,9257.918347159957,8974.515695278813,8628.154147912435,8625.362155872743
2015,6,2015.42,1896319.3747247043,1854045.4976482564,1788552.074041032,1790149.1458437552,1875229.2957070614,1847984.1785757972,1780502.20496844,1781106.3627908893,1689922.8965943037,1679661.2448069002,1670380.1221267495,1670988.9719730117,9259.010150377891,8999.61926942607,8659.849358403058,8677.619706689495
2015,7,2015.5,1891611.28666977,1849128.2686150833,1789168.088490155,1794845.8936771625,1873054.0463571828,1843523.5283159248,1798970.4464753296,1792707.5960091886,1687641.8881729555,1679016.1208784422,1671720.9312588382,1673544.5152497657,9203.452102226382,8974.826767786708,8666.23293385477,8691.076747547013
2015,8,2015.58,1893642.6518380905,1842984.114038803,1791220.8947773317,1798955.737304607,1873431.406574359,1836228.7049411489,1807342.1493131935,1801761.6156098202,1686114.3378835004,1678434.187704694,1673164.2405372306,1675911.9876884837,9215.418454097731,8997.241949553963,8687.944731347447,8704.405233731819
2015,9,2015.67,1902178.8738749507,1841170.357918068,1790833.9206644548,1801881.372211474,1877316.5719669373,1832658.060025214,1808195.3385068323,1805139.6945646328,1685760.935321911,1678107.518576504,1674117.1387813892,1677508.4781426515,9313.229793753995,9056.517247977297,8699.065150690252,8720.710772075385
2015,10,2015.75,1914117.1355153124,1852164.7336739665,1794946.3951169737,1800284.326477838,1882637.2530515091,1843785.0396791552,1800758.7444876062,1801778.8527070014,1686773.5214217592,1678413.061597008,1674439.6989195398,1677930.1527343756,9326.374388176553,9047.144984296914,8694.02654999898,8708.26072804872
2015,11,2015.83,1927513.541174862,1871849.1544045329,1797651.7711863802,1794620.431041449,1893837.3098356384,1862365.169545124,1799052.731699514,1795875.3508489314,1688974.6803233624,1679741.7418370862,1674428.474707878,1676979.5663617481,9373.602523262729,9100.016831243942,8697.190320190903,8673.975661303819
2015,12,2015.92,1943575.9561161678,1891554.9489669339,1797178.9867713407,1787620.8254121454,1909606.6196979585,1881337.9097238367,1800111.9740502785,1790946.9952946475,1692133.6019233332,1681977.3076079148,1674518.8023626301,1675233.1225019584,9484.27820622568,9202.481465730687,8698.25399559684,8633.409424749552
2016,1,2016.0,1944080.7575583127,1894338.4485076345,1797570.7482508935,1781267.6900557242,1915321.7509312828,1879160.2238992874,1794354.3728883378,1779926.4893647665,1695668.2256484416,1684380.0729485918,1674647.8299628801,1673366.785267726,9454.869700362438,9168.163767855884,8697.56580090324,8597.997288650411
2016,2,2016.08,1931308.784535514,1879307.8676363572,1795683.6019469951,1774892.464637097,1904420.8904934423,1865910.9563583867,1788956.7056297725,1770495.9496192955,1698395.4904405444,1685945.9730190488,1674593.0173662337,1671823.6825690344,9409.840723089837,9085.444496825814,8725.43408766636,8574.499664376319
2016,3,2016.17,1917026.7602206094,1861245.4135579804,1791255.2095388405,1771708.5784406804,1891562.476945731,1853495.575665165,1785197.608479434,1766217.8095258994,1699747.208720239,1686525.7296873948,1674469.8528414655,1671298.246404194,9395.775331683908,9024.47032389279,8746.070985312044,8571.813858852924
2016,4,2016.25,1911203.3003734534,1856002.7761198594,1786923.0629432127,1776468.8469085707,1884476.4133187472,1850701.489409604,1780191.841319921,1771041.1196640513,1699295.3712279212,1686277.4024691056,1674464.9159286371,1672082.6518557537,9313.708120712161,8980.250517693206,8685.691458458243,8601.349725861242
2016,5,2016.33,1910099.3287601932,1860007.2646694467,1788251.9031086545,1786450.105387271,1884751.7131814656,1853885.4483185334,1780841.0969717444,1778957.2722005125,1697625.347162332,1685725.0490249477,1674838.0785857616,1673959.0222484116,9290.75539495132,9006.172942224492,8658.834476462769,8655.482783505982
2016,6,2016.42,1902602.736367653,1860177.5039131916,1794394.3432835357,1795933.3014426678,1881444.9898613046,1854099.1406618797,1786313.3868592342,1786888.3364064523,1695387.1834584503,1685087.75997845,1675767.6327271066,1676373.3439704669,9291.641829963582,9031.022050977841,8690.69165908025,8707.72178272514
2016,7,2016.5,1897852.123529863,1855201.663475954,1794990.3897074056,1800645.052068019,1879246.3010079325,1849606.7327095855,1804841.8651212596,1798524.6269933009,1693102.4867457768,1684444.0739791058,1677116.2602457106,1678940.115012461,9236.148767886765,9006.097127621988,8697.067421740066,8721.365180467401
2016,8,2016.58,1899856.5513813077,1848989.506322619,1797035.698106809,1804772.6959696987,1879596.5368837959,1842247.0324727385,1813230.6341696738,1807609.1366345426,1691572.7110925543,1683862.7317372714,1678567.3050237382,1681318.2498320905,9248.221047903995,9028.150254483096,8718.676429912131,8734.896514050242
2016,9,2016.67,1908387.9203387669,1847134.5730814487,1796639.0558053437,1807706.3758103233,1883461.37230158,1838624.5949552592,1814070.7487727962,1810992.3774304967,1691219.603954102,1683536.2283890622,1679525.5603179233,1682922.6483097302,9346.049920579819,9087.081361389957,8729.673248491885,8751.28251083505
2016,10,2016.75,1920328.4911575282,1858126.8218501697,1800737.458827456,1806102.5606955707,1888762.9644589575,1849754.371823534,1806590.2165801253,1807611.2023473978,1692235.6323805056,1683843.0222494432,1679850.5979742175,1683347.8778681802,9359.921671244729,9077.866053497793,8724.4178592716,8738.5739775351
2016,11,2016.83,1933728.9297746962,1877834.724738393,1803420.4408192863,1800412.841376242,1899960.8666509471,1868357.2568795632,1804853.0973679714,1801676.6293580607,1694442.82741523,1685175.2983134424,1679839.811523438,1682395.7026154771,9407.840132215735,9130.987739514085,8727.156951165323,8703.823242560658
2016,12,2016.92,1949804.6810913708,1897566.8294058188,1802922.4233265002,1793376.9431847383,1915743.0338570226,1887353.4975620105,1805891.7595250728,1796716.587121131,1697609.7108741666,1687416.324347165,1679929.965636014,1680644.239452191,9518.928391839037,9233.654674413014,8727.775834015221,8662.80229581289
2017,1,2017.0,1950318.1148129848,1900404.530535757,1803309.2364850985,1786997.335636713,1921453.6223535917,1885164.7268598923,1800097.3931704606,1785647.0761436394,1701152.5680001895,1689824.44225163,1680058.124117668,1678771.6117408369,9489.752903253513,9200.137067564156,8726.807670770479,8627.307589075659
2017,2,2017.08,1937545.2251614123,1885401.8054488755,1801430.0805686696,1780601.9864920706,1910542.2567419638,1871907.5762801836,1794683.1886027192,1776182.666580267,1703885.9406202382,1691393.7164266773,1680001.6592537991,1677222.7258536443,9444.584973638028,9117.958822726003,8754.380627490767,8603.814075186705
2017,3,2017.17,1923257.1019961573,1867332.5159698348,1797005.0822953554,1777409.809056376,1897679.11491854,1859488.491903633,1790922.1159480554,1771892.9202534324,1705240.815606302,1691974.7217813295,1679877.0624737497,1676694.694465464,9430.33189030385,9057.044014567124,8774.769977683894,8601.068380408748
2017,4,2017.25,1917415.6570723017,1862055.169105692,1792665.62458496,1782165.4248854828,1890597.5681831008,1856715.2380069667,1785912.5995065165,1776730.8180172837,1704787.6780633454,1691725.9422908104,1679871.692252705,1677480.8750431444,9347.891083768318,9012.474409108643,8714.637427914204,8630.541364675188
2017,5,2017.33,1916284.231112292,1866032.3700294401,1793992.7205578666,1792151.3655070884,1890866.3197449164,1859898.3745679625,1786561.7566430443,1784657.6650554251,1703112.7547521684,1691172.2252014626,1680245.9089858162,1679362.4324529693,9324.19126229914,9037.866368393637,8688.140358968223,8684.709503974635
2017,6,2017.42,1908742.292894912,1866177.1267734494,1800144.909414788,1801645.4215652999,1887529.8201107008,1860091.7593408662,1792041.15077354,1792597.8309156278,1700867.2630877898,1690532.5819678323,1681177.95824465,1681783.3550279383,9324.200089741682,9062.174316620252,8720.188977398495,8737.05274079234
2017,7,2017.5,1903942.6431432248,1861141.55647803,1800720.8805980072,1806366.342754612,1885300.2101408013,1855558.1881280944,1810620.089891799,1804261.6959360165,1698574.3052460542,1689885.774251311,1682529.9450136283,1684356.939053329,9268.456231214446,9036.980465702183,8726.684298821898,8750.845227146734
2017,8,2017.58,1905912.803286163,1854861.0591698436,1802755.5320165623,1810505.1333252944,1885615.6328104092,1848129.531656537,1819018.3965359854,1813368.65875114,1697037.6338852441,1689300.3958222808,1683984.101659627,1686741.1669628916,9280.38266664123,9058.79974897676,8748.42678325659,8764.58417684523
2017,9,2017.67,1914432.0996748027,1852962.1970743015,1802343.9646009346,1813440.4535704125,1889453.516738845,1844452.5659325004,1819840.2859073656,1816750.7981290075,1696680.1135136546,1688969.475496428,1684943.0731168464,1688348.811921632,9377.92069875001,9117.50043408437,8759.475020473144,8781.136260384617
2017,10,2017.75,1926368.7778389195,1863943.590608766,1806422.158868077,1811824.2790111843,1894731.4325473288,1855580.5328354458,1812313.9989389905,1813345.5170402501,1697694.8892418218,1689272.9429447297,1685265.9945749508,1688772.9299260303,9391.91602711739,9108.217128825558,8754.405090263655,8768.416029306858
2017,11,2017.83,1939767.4971615686,1883664.7824878849,1809078.1522299591,1806104.5174962122,1905921.917699182,1874197.955470882,1810542.593885291,1807376.6759905866,1699903.459233902,1690604.1775517124,1685251.1244834412,1687814.5815125024,9439.96358646843,9161.267557324421,8757.188722905508,8733.532893953847
2017,12,2017.92,1955850.0637246866,1903414.755669069,1808550.9002677987,1799028.5622582051,1921710.2160122048,1893209.397466031,1811556.1799437734,1802381.0864505174,1703073.5939653227,1692845.9513320287,1685336.565035576,1686053.567625671,9551.004187247921,9263.853238930296,8757.726673613055,8692.3681001216
2018,1,2018.0,1956365.6912486944,1906295.4854697986,1808921.7926266803,1792618.6538428152,1927411.9484273973,1891009.3190825428,1805723.6592956465,1791259.8560714151,1706619.9380380877,1695254.7565930202,1685459.341514853,1684170.1635057302,9521.714480059785,9231.042038746496,8756.61995613066,8657.005993302857
2018,2,2018.08,1943586.895280968,1891313.680487018,1807038.847385141,1786198.805471972,1916487.0263244996,1877741.6721204936,1800285.604414781,1781757.8163112788,1709354.7752746465,1696822.9029825747,1685396.7379135455,1682611.07079639,9476.22871392188,9149.402377584018,8784.099775605933,8633.68531734095
2018,3,2018.17,1929288.256895125,1873233.07474996,1802608.686225683,1782992.850551998,1903614.661013237,1865313.678114394,1796514.1413973537,1777450.6611581226,1710708.230249385,1697400.6398874125,1685266.138848001,1682075.9823223779,9461.676703136149,9088.517549321614,8804.475776793868,8631.067066654863
2018,4,2018.25,1923424.1494934876,1867917.316794743,1798257.94049893,1787737.6917721182,1896530.8661776728,1862551.689513501,1791494.1763921275,1782295.8195685782,1710249.2193124103,1697146.8073749484,1685255.7128015528,1682859.37424572,9378.48128274097,9043.365372983682,8744.172267115191,8660.36062953542
2018,5,2018.33,1922259.72371407,1871861.6657399544,1799580.2213715168,1797722.0836133526,1896785.8845048025,1865726.0588694857,1792138.5609342642,1790226.876956896,1708564.741230961,1696587.0045283844,1685626.3385878096,1684741.4539198182,9353.564862286554,9067.741202610074,8717.317237095987,8714.213180639163
2018,6,2018.42,1914667.245653122,1871975.104621943,1805737.6444293018,1807221.0805801384,1893413.7769856818,1865893.1277004273,1797620.2532769674,1798170.4612307013,1706307.223439069,1695940.274088437,1686556.2154146766,1687164.270287496,9352.300592806974,9091.026226391992,8749.0123244172,8766.291392042272
2018,7,2018.5,1909812.715241802,1866879.4103316276,1806293.5296322263,1811944.8319725445,1891146.127263477,1861309.3331661657,1816239.0767977294,1809853.7168888364,1704001.2717100463,1695285.5631945105,1687906.7970141782,1689739.9027240353,9297.015611664025,9065.453451718711,8755.409873058985,8779.845914998878
2018,8,2018.58,1911741.8027813132,1860531.0422909153,1808314.343281336,1816087.6099750288,1891419.5197020096,1853808.4134861876,1824639.1007181325,1818974.505624839,1702452.869481661,1694691.3160220059,1689359.1431146606,1692125.3111435627,9309.8915384163,9087.260729600108,8776.99674790019,8793.361919313626
2018,9,2018.67,1920242.0387191244,1858585.9773188513,1807882.555800345,1819017.8424886134,1895224.2200689053,1850074.827881989,1825437.6527563173,1822349.0284992144,1702086.0467091994,1694351.2041024077,1690313.9220085735,1693731.230828944,9407.943427003082,9145.93105726966,8787.768520157024,8809.671193259372
2018,10,2018.75,1932168.7467925297,1869548.0274589458,1811934.423450975,1817383.60641572,1900474.192009073,1861196.4717837255,1817864.1098112492,1818915.927869224,1703094.6698211182,1694646.5728509738,1690629.9018476468,1694149.3124238474,9422.394069069001,9137.07810439098,8783.071144878202,8796.847250339279
2018,11,2018.83,1945560.0997837964,1889272.3316397553,1814558.92425915,1811629.7041540947,1911652.1616379686,1879820.1989086166,1816055.4511605527,1812909.8043371064,1705299.7289313294,1695971.91875134,1690606.2225707925,1693180.0089571432,9470.671103247041,9190.647488052766,8786.2889312172,8761.980897020343
2018,12,2018.92,1961642.9767406178,1909031.6306818603,1813998.571440504,1804510.176705629,1927439.8926526406,1898838.4882533504,1817039.5996967976,1807875.01687511,1708468.1679771296,1698209.5072971717,1690682.2200614857,1691404.7587955836,9581.883414630689,9293.617523525601,8787.032677585981,8720.854639741674
2019,1,2019.0,1962154.409701846,1911943.8725479937,1814342.7387035314,1798066.316886124,1933128.6004799306,1896626.9627898808,1811167.6572324575,1796699.7507495508,1712013.020535634,1700614.1202228453,1690794.9251463802,1689505.9596201386,9552.313299999329,9260.886760491529,8785.691462138455,8685.74508495183
2019,2,2019.08,1949364.8226424058,1896975.8839923125,1812444.2843687858,1791617.729666484,1922187.2176051666,1883346.2741564817,1805698.564909766,1787156.5774037843,1714744.4723184318,1702176.4438377174,1690721.5328814376,1687932.1054049653,9506.070033103299,9178.949745440255,8812.669263617583,8662.633817478307
2019,3,2019.17,1935051.389845594,1878879.62634535,1808000.427700922,1788392.5360549148,1909301.2399669595,1870904.253229997,1801908.3485922061,1782826.2815527522,1716091.7574005798,1702746.2294831092,1690580.205758371,1687385.341821534,9490.797567268948,9117.595687900617,8832.657571578286,8660.129193323692
2019,4,2019.25,1929160.3760728757,1873522.1524235103,1803634.5485773953,1793120.5182393843,1902208.5468039855,1868143.9547261763,1796871.394155869,1787671.1976012122,1715622.1784683906,1702482.6035451847,1690559.945217011,1688161.1884752887,9406.878780586705,9071.864919638008,8772.41078146966,8689.16519476523
2019,5,2019.33,1927958.0159319863,1877428.501139665,1804949.0391276784,1803097.106785827,1902442.9979139445,1871301.840211175,1797506.4378035832,1795599.9044058302,1713923.4176869153,1701911.8744926823,1690922.1746563355,1690038.9076903735,9380.964837956117,9095.50014838661,8745.69302770637,8742.659496135939
2019,6,2019.42,1920310.5585248978,1877505.2446135283,1811107.148545585,1812595.0468669112,1899030.0206841822,1871436.9980717993,1802985.616855628,1803541.1719945008,1711649.1402057023,1701253.2260510712,1691845.0455500484,1692458.689101131,9378.575776034346,9117.990560131535,8777.366137516767,8794.499421899593
2019,7,2019.5,1915396.293862545,1872349.7450818904,1811643.2803491964,1817315.2944980778,1896717.9142369593,1866794.7092424356,1821633.6062650136,1815235.4941418332,1709325.4479389596,1700585.7528936872,1693189.2958046373,1695031.3932961738,9323.478979805745,9092.005634950057,8783.659208800083,8807.93943932271
2019,8,2019.58,1917278.429008028,1865934.8375789423,1813647.5084027431,1821455.0049577372,1896942.9328770936,1859219.1979542244,1830027.8058225967,1824361.5308253411,1707760.468575455,1699977.7512499145,1694634.769471368,1697412.8831670962,9336.972542615089,9113.503546352084,8804.97726019894,8821.303563850226
2019,9,2019.67,1925753.224963695,1863941.9957332604,1813190.684934476,1824373.6740259028,1900708.9564037998,1855427.7200526563,1830798.3881063212,1827722.2103490802,1707379.4328078274,1699623.6369641484,1695580.347120716,1699011.9678461966,9435.33002221636,9171.850371354418,8815.396618700854,8837.351458198249
2019,10,2019.75,1937664.3381097596,1874876.9323010673,1817210.719553161,1822716.111158445,1905927.279232653,1866538.88984184,1823176.7459438546,1824258.0472910015,1708376.960428389,1699906.1011165082,1695884.5021048794,1699419.0120364442,9449.570136194852,9163.417772820656,8810.764175286846,8824.228012701093
2019,11,2019.83,1951043.0856878508,1894594.7188810084,1819799.8519621142,1816924.584424947,1917088.0741154545,1885161.0962309497,1821328.4992854532,1818212.2316114642,1710573.5622275814,1701220.6707142366,1695847.2634835436,1698433.9623203871,9497.291586135729,9217.515806168585,8814.164250903557,8789.135422096104
2019,12,2019.92,1967120.1235737249,1914355.1609196465,1819203.143519927,1809758.6857445359,1932868.916614909,1904178.261217401,1822279.4430285553,1813135.2629690066,1713735.2930920972,1703449.0992525294,1695909.0868726578,1696639.831778797,9608.051909520864,9320.677059305799,8814.954154635034,8747.85810377448
2020,1,2020.0,1967621.3547864608,1917287.6722230683,1819510.6763490418,1803277.8449553554,1938540.84358318,1901955.4446397533,1816367.3868189692,1801904.4524905363,1717273.6217476213,1705844.6100025394,1696007.050126024,1694721.088056951,9579.05274203851,9287.487926387419,8812.969254326865,8712.581226981656
2020,2,2020.08,1954816.5042925864,1902326.7127803655,1817585.8172114047,1796796.8768678796,1927580.5107192665,1888659.576691942,1810860.8473668979,1792317.3574310986,1719996.8131228392,1707396.4109339146,1695918.2604135778,1693127.9939232345,9533.553303714474,9205.138461514216,8838.97347535143,8689.150302651353
2020,3,2020.17,1940484.460766437,1884210.9870132592,1813120.3778954276,1793547.5189998772,1914676.986833756,1876198.9188458126,1807044.2013105382,1787958.7862815692,1721333.1942712215,1707953.5946896344,1695761.5386939803,1692564.9968770433,9518.567835647646,9143.61676728583,8858.260709792876,8686.271901999662
2020,4,2020.25,1934562.8176213356,1878809.2575637659,1808735.9850228052,1798253.123879514,1907569.2153596308,1873431.2317257016,1801984.314554245,1792796.3558228891,1720848.4294418287,1707675.50353559,1695726.7307001366,1693328.5745548392,9434.60656057577,9097.799485932655,8797.811669919374,8715.085007286461
2020,5,2020.33,1933318.2517052016,1882673.2224527677,1810040.0460501492,1808216.1301016274,1907776.8334139048,1876565.5217983034,1802605.8682730494,1800716.5606238674,1719130.7898150184,1707089.105660876,1696075.8223909654,1695197.066375839,9408.23620239013,9121.151075197806,8770.950623345823,8768.450011974488
2020,6,2020.42,1925612.2686493443,1882708.6331455286,1816194.5799599395,1817707.3887286482,1904318.4811750478,1876663.8577356492,1808078.056810107,1808650.1500265226,1716835.190445176,1706413.8284451615,1696986.9153956345,1697608.9002123151,9405.236895583219,9143.244084958362,8802.403980130797,8820.148292981197
2020,7,2020.5,1920634.314763096,1877494.38460762,1816711.5447851252,1822418.1955511984,1901956.321297156,1871955.9288034295,1826744.6595263733,1820347.522753392,1714489.2050078565,1705728.8760172366,1698319.9768419256,1700173.7288121853,9350.111609942362,9117.253074706923,8808.452767291552,8833.3084439557
2020,8,2020.58,1922464.357460428,1871015.0198851011,1818696.7710056824,1826548.1813111256,1902127.4283065347,1864304.5129315583,1835125.9158943377,1829470.586412635,1712902.995586129,1705102.398827454,1699753.6065307825,1702546.2575836242,9363.792698995465,9138.742207707104,8829.421437726209,8846.335733112026
2020,9,2020.67,1930907.838577985,1868973.4714405404,1818210.6414537698,1829449.2778380658,1905849.9219190956,1860454.6128282829,1835864.4567820795,1832811.6692880497,1712503.012067606,1704729.6435632033,1700685.0987124993,1704133.497946572,9462.258628424184,9196.961172121371,8839.454468625978,8862.066024878712
2020,10,2020.75,1942798.1306720492,1879874.151083529,1822193.9064548737,1827763.6535785617,1911033.4071397437,1871551.418533874,1828194.505991237,1829313.7485496148,1713484.6490793196,1704994.5629813068,1700972.7039703424,1704524.6577224627,9476.600799169439,9189.320058294363,8834.819816617715,8848.727857580498
2020,11,2020.83,1956159.40535799,1899576.2243478,1824744.3136518032,1821931.6216496555,1922172.7647604824,1890164.5800372288,1826304.882008897,1823226.4164620864,1715667.9716169331,1706293.6188299325,1700917.3358075987,1703519.2789733252,9524.399569173835,9244.435282495933,8838.242627573867,8813.455630104263
2020,12,2020.92,1972224.7661377492,1919329.9097808425,1824108.5290593607,1814717.2242688567,1937940.72375356,1909172.9542613095,1827219.3773625384,1818104.9051326679,1718818.0948236405,1708508.0534480691,1700960.4461995792,1701701.8696121199,9635.365424150472,9348.274998012459,8838.974181683478,8771.998482159815
2021,1,2021.0,1972710.271299593,1922271.6247684858,1824370.2532638141,1808196.9134732527,1943592.4990821655,1906939.1033293947,1821266.9466253,1806817.7582102392,1722344.985115636,1710889.6955799598,1701039.198776914,1699758.8921078565,9606.563767640146,9315.37327065924,8837.398419500623,8736.733221529907
2021,2,2021.08,1959886.2008947865,1907311.1083144625,1822408.721592399,1801680.4027966722,1932611.1388475588,1893626.1836193837,1815717.1345869603,1797184.5371224908,1725055.1812417496,1712426.4316328736,1700930.613128433,1698142.33322753,9560.888163093166,9232.67256869488,8863.616193406846,8713.365432780813
2021,3,2021.17,1945532.2046493609,1889172.5300734404,1817914.3021730806,1798402.3698144217,1919686.5697396125,1881142.7024005856,1811866.9064507745,1792793.023300815,1726376.097609749,1712966.5495587245,1700754.0468082563,1697558.7684746953,9545.577474719468,9170.734560793117,8882.887734900514,8710.56284157287
2021,4,2021.25,1939576.7205735135,1883724.6437500385,1813508.1970086643,1803080.4759108627,1912558.0070598957,1878359.0377807177,1806778.5919009955,1797616.415328076,1725871.7546552871,1712669.5373958764,1700700.1916454118,1698305.5396654988,9461.530227982206,9124.566961198774,8822.415652013846,8739.306402547007
2021,5,2021.33,1938286.3148401694,1887542.5069419236,1814799.2217316441,1813024.3961353211,1912733.085457457,1881463.1834782427,1807382.6985034132,1805522.1967787726,1724130.9134920153,1712062.9666046277,1701031.60561486,1700160.0950557475,9434.942913393937,9147.586941396836,8795.489823014832,8792.561282717941
2021,6,2021.42,1930519.0889396765,1887532.6095846996,1820945.969978236,1822503.5221136827,1909225.556147953,1881520.3948077415,1812843.5323092842,1813442.9188918557,1721809.7349565623,1711366.6018070383,1701926.3372547121,1702559.2147257894,9431.529452572404,9169.36351094566,8826.87247306847,8844.205977038733
2021,7,2021.5,1925474.4804704098,1882261.1991563537,1821444.402777812,1827199.1154827946,1906808.584403684,1876740.7685050375,1831518.4279814921,1825135.4783671782,1719437.2237544507,1710659.7190923672,1703243.5415116982,1705111.3683529864,9376.593209201463,9142.618796284936,8832.607642747435,8857.478911522752
2021,8,2021.58,1927248.203372869,1875720.0068634183,1823408.4636280292,1831312.937184335,1906921.1638727463,1869013.02114207,1839880.0429502998,1834247.6105687064,1717825.448092499,1710010.327072778,1704660.5634597335,1707470.0615080274,9390.567967952913,9163.173951181609,8853.332539110803,8870.63139791657
2021,9,2021.67,1935655.1367663036,1873629.3495643258,1822889.2176126027,1834190.7882872517,1910596.0144995062,1865104.8078503956,1840582.9385228024,1837563.707099201,1717402.0791467594,1709614.5750769635,1705573.319249106,1709040.6531770006,9489.09748036396,9220.73215420054,8863.18514310901,8886.358101337722
2021,10,2021.75,1947519.9875141582,1884489.3846964866,1826831.3080140874,1832472.78390004,1915742.0279855952,1876183.651343505,1832864.887986594,1834029.7309265628,1718363.2960268243,1709857.5823137707,1705839.90740947,1709411.331497992,9503.619656078166,9213.48223119642,8858.586506753347,8872.804228985742
2021,11,2021.83,1960859.5110234716,1904167.2252731477,1829340.070791952,1826597.841031946,1926856.2214145872,1894780.7381292724,1830932.5138762433,1827899.4924882813,1720528.7570891562,1711136.644156169,1705762.1102341507,1708381.335302983,9551.548650087749,9269.238672870726,8861.925003264148,8837.235387705301
2021,12,2021.92,1976907.8715895682,1923906.7341038848,1828662.9234009,1819333.3596576885,1942605.8239241007,1913773.1656799384,1831807.777496777,1822731.5825206342,1723662.602427965,1713332.499716172,1705782.2484912854,1706536.57290697,9662.64853625154,9373.437259597482,8862.474671316564,8795.521593527279
2022,1,2022.0,1977373.0014953243,1926847.3040470358,1828870.6946748735,1812771.5601900027,1948234.5885640064,1911528.6533096004,1825814.924767714,1811387.8887737794,1727173.3735862386,1715695.7551199407,1705837.6059907977,1704565.4060107574,9633.711113868778,9341.418067824743,8860.762620303241,8760.259321439955
2022,2,2022.08,1964526.6978258959,1911881.343875938,1826863.262528878,1806216.8196619898,1937230.7812586953,1898197.27225619,1820216.7277673443,1801706.8750166777,1729866.0932546642,1717213.1423234725,1705705.1167530126,1702921.480956343,9587.597846472412,9259.35900431572,8886.85321454553,8736.947960609137
2022,3,2022.17,1950148.236163747,1893717.3047713267,1822333.2466769388,1802906.0716372498,1924282.4263350607,1885687.5076577314,1816326.5244050268,1797278.2919507045,1731167.27240945,1717732.0208180556,1705504.5588947954,1702313.311446122,9571.90333636455,9197.523375677412,8906.057567360613,8734.172788285498
2022,4,2022.25,1944157.3177450572,1888222.6803053797,1817902.7152716685,1807552.0805106105,1917128.497143436,1882880.444552106,1811205.0380706422,1802081.125490259,1730639.3055040448,1717411.9597929465,1705427.4636846548,1703039.0056245,9487.395729944996,9150.886394274256,8845.703253672587,8762.792546425922
2022,5,2022.33,1942819.5254672475,1891992.433665401,1819178.4947551393,1817471.892280023,1917267.1020185354,1885949.473393791,1811788.2890453532,1809967.0384608177,1728871.3594807498,1716781.0848948343,1705736.9668234454,1704875.1649620999,9460.046817922486,9173.233636184383,8818.913730253065,8815.906504935712
2022,6,2022.42,1934990.383188164,1891934.9624261074,1825313.688680414,1826933.8658277674,1913708.469944884,1885962.889762511,1817233.8895034734,1817870.1571601708,1726520.825797677,1716059.5847012142,1706611.0624080144,1707257.0532534833,9455.770547591981,9194.370476872784,8850.350015519998,8867.489840555112
2022,7,2022.5,1929879.3063243027,1886609.6840544816,1825794.5701695844,1831609.0431389508,1911234.3850535646,1881108.1391635847,1835908.0735623273,1829550.7722234484,1724118.0846634894,1715326.7753101408,1707908.0752163313,1709792.0002261612,9400.325638502176,9167.188877104312,8855.898481522701,8880.72365436237
2022,8,2022.58,1931596.067205183,1880011.1663407218,1827736.1955243323,1835701.1291342413,1911287.0920807922,1873306.180418073,1844244.9402683328,1838645.1534046999,1722476.9897827236,1714650.5454680894,1709304.1202635728,1712132.3029057318,9414.004361555057,9187.290583079468,8876.409260513563,8893.82679808239
2022,9,2022.67,1939964.2967328979,1877872.8705359641,1827181.2924001603,1838551.1700457612,1914913.2279598508,1869341.9570285166,1844910.0976063048,1841932.1154844165,1722026.4232023833,1714228.0019507974,1710193.9436051745,1713681.8323721522,9512.281476721018,9244.415459672078,8886.054092130315,8909.453631123975
2022,10,2022.75,1951802.1802590347,1888689.4739209267,1831079.5367840163,1836797.7391432053,1920021.6086613985,1880401.4028977891,1837145.1304754613,1838360.8206886186,1722963.333952695,1714445.324634473,1710435.5544713766,1714027.8973112039,9526.826268788449,9237.01501148115,8881.092802521724,8895.904475502966
2022,11,2022.83,1965118.7881020114,1908338.5530119243,1833545.2081096768,1830878.7534720493,1931109.725863778,1898978.7305236503,1835169.9560320952,1832187.3936489066,1725107.0152094418,1715700.553029898,1710331.5769613427,1712969.5254989879,9574.843222767828,9292.644690839552,8883.982050525581,8860.242475052719
2022,12,2022.92,1981147.9189902227,1928059.7369730077,1832825.778060881,1823563.9539702362,1946838.6064303871,1917951.3948422528,1836004.8424635981,1826972.6077707482,1728220.6287336948,1717873.941612845,1710325.0880256973,1711093.9268418902,9685.940070552944,9396.68371536501,8884.172026193897,8818.29672500323
2023,1,2023.0,1981591.2308009819,1930993.0377698839,1832975.191789068,1816959.9986147059,1952443.924748197,1915697.4885962405,1829972.0561304076,1815573.4181008977,1731711.3736599,1720215.01915355,1710353.5089297974,1709091.2499575014,9657.390492271456,9364.84400822252,8882.942187406989,8782.72370961366
2023,2,2023.08,1968722.5151355157,1916018.9238160895,1830916.6704250758,1810365.8615909817,1941418.3354635008,1902347.9298443436,1824322.8623860094,1805844.3975039248,1734382.9405930857,1721709.5066657881,1710193.689719518,1707416.7119196148,9611.538105649324,9282.79259410149,8909.61095509889,8759.194027036581
2023,3,2023.17,1954319.6559994621,1897829.3951228654,1826347.4858998093,1807020.1455782063,1928445.9238648568,1889810.9476650283,1820389.1771937807,1801376.5626548312,1735660.9643485167,1722203.7733849545,1709965.7465540261,1706780.5801794138,9595.864484266005,9220.85722410083,8929.05505832751,8756.380816960918
2023,4,2023.25,1948294.6055628194,1892290.2109765732,1821891.3939823327,1811631.530879164,1921265.322910793,1886977.2112364732,1815232.3959657724,1806154.6852373972,1735106.2671517422,1721857.4281308088,1709862.027868785,1707481.6404208199,9511.067267143353,9174.52660525893,8868.318636515738,8785.041919147485
2023,5,2023.33,1946911.3208209868,1896013.3169553203,1823150.9718167712,1821524.2980081036,1921367.257448482,1890010.09959185,1815793.2411745852,1814017.420122104,1733308.3671179458,1721199.1165789128,1710146.2407893795,1709295.703648678,9483.104096340046,9197.087847849698,8840.888860718049,8838.132756452485
2023,6,2023.42,1939023.1096506275,1895909.4672933698,1829272.482607069,1830966.0490079161,1917759.1097924833,1889980.4302246948,1821221.4893065079,1821900.118315224,1730925.8480215163,1720449.495349861,1710996.3187004786,1711656.6504488434,9478.171072785259,9218.10825491514,8871.882839521519,8889.59742598426
2023,7,2023.5,1933849.4259903508,1890534.53420433,1829737.2933805378,1835617.8815404319,1915229.65615345,1885052.2594870117,1839890.336398359,1833564.5671028886,1728490.391052486,1719687.9039045083,1712269.7814368922,1714170.7336763863,9422.538868346908,9190.26218653075,8877.34199784546,8902.627150532435
2023,8,2023.58,1935512.305211416,1883883.7862253843,1831657.3431959827,1839685.5610723018,1915225.105492963,1877180.683540766,1848201.0825197126,1842637.9130829503,1726817.5140472455,1718982.131659782,1713641.58881761,1716489.092930832,9436.074221155448,9209.542763302417,8897.958413624754,8915.593447615662
2023,9,2023.67,1943843.0860756338,1881700.9949190686,1831067.1620225396,1842506.2607947253,1918804.7402000013,1873164.4452657246,1848829.108053546,1845894.5937059,1726337.2579213658,1718530.235221444,1714505.4623639712,1718014.2672203155,9534.05595352994,9266.085573355986,8907.519570340788,8931.098265823983
2023,10,2023.75,1955655.3230949687,1892475.5778813942,1834922.3914405087,1840717.2912917535,1923877.6268654815,1884205.1366285547,1841019.7716319447,1842286.8082376365,1727247.2946818285,1718719.3557267974,1714719.3549403881,1718332.7943668212,9548.6626564287,9258.227054072999,8902.54935652041,8917.462826678215
2023,11,2023.83,1968950.4825887943,1912096.0155773282,1837346.3509543668,1834755.6758447597,1934941.218018197,1902762.675444791,1839003.7771204002,1836071.93784208,1729366.5869787973,1719948.207589954,1714586.688985093,1717243.547832348,9596.717177853167,9313.483989215181,8905.401563122527,8881.690202575257
2023,12,2023.92,1984961.0640585728,1931798.494177631,1836586.1768654238,1827392.7529551352,1950650.0241599006,1921715.4568111133,1839799.712795772,1830812.1945065993,1732457.3573692685,1722096.5912651496,1714551.2171815138,1715334.941485038,9707.686771693494,9417.255515959921,8905.46960327507,8839.578351477528
